show,season,episode,air_date,title,rating,votes,episode_number,last_episode_number
Psych,7,1,2013-02-27,Santabarbaratown 2,8.6,818,96,1
Psych,7,2,2013-03-06,Juliet Takes a Luvvah,8.2,621,97,2
Psych,7,3,2013-03-13,Lassie Jerky,8.5,839,98,3
Psych,7,4,2013-03-20,No Country for Two Old Men,8.2,621,99,4
Psych,7,5,2013-03-27,100 Clues,8.9,963,100,5
Psych,7,6,2013-04-03,Cirque du Soul,7.7,569,101,6
Psych,7,7,2013-04-10,Deez Nups,8.9,738,102,7
Psych,7,8,2013-04-17,Right Turn or Left for Dead,8.4,639,103,8
Psych,7,9,2013-04-24,Juliet Wears the Pantsuit,8,534,104,9
Psych,7,10,2013-05-01,Santa Barbarian Candidate,8,542,105,10
Psych,7,11,2013-05-08,Office Space,9.1,818,106,11
Psych,7,12,2013-05-15,Dead Air,7.8,542,107,12
Psych,7,13,2013-05-22,Nip and Suck It,7.8,507,108,13
Psych,7,14,2013-05-29,No Trout About It,8.2,542,109,14
Psych,7,15,2013-12-15,Psych the Musical,8.2,1054,110,15
Psych,8,1,2014-01-08,"Lock, Stock, Some Smoking Barrels and Burton Guster's Goblet of Fire",8.6,761,111,16
Psych,8,2,2014-01-15,S.E.I.Z.E. the Day,8.1,606,112,17
Psych,8,3,2014-01-22,Remake A.K.A. Cloudy... With a Chance of Improvement,7.7,740,113,18
Psych,8,4,2014-01-29,Someone's Got a Woody,7.9,537,114,19
Psych,8,5,2014-02-05,Cog Blocked,8.2,551,115,20
Psych,8,6,2014-02-26,1967: A Psych Odyssey,7.8,538,116,21
Psych,8,7,2014-03-05,Shawn and Gus Truck Things Up,7.8,527,117,22
Psych,8,8,2014-03-12,A Touch of Sweevil,7.9,515,118,23
Psych,8,9,2014-03-19,A Nightmare on State Street,6.4,899,119,24
Psych,8,10,2014-03-26,The Break-Up,9.5,1396,120,25
24,7,24,2009-05-18,Day 7: 7:00 a.m.-8:00 a.m.,8.7,951,171,1
24,8,1,2010-01-17,Day 8: 4:00 p.m.-5:00 p.m.,8.2,1078,172,2
24,8,2,2010-01-17,Day 8: 5:00 p.m.-6:00 p.m.,8,848,173,3
24,8,3,2010-01-18,Day 8: 6:00 p.m.-7:00 p.m.,8.2,811,174,4
24,8,4,2010-01-18,Day 8: 7:00 p.m.-8:00 p.m.,8.2,817,175,5
24,8,5,2010-01-25,Day 8: 8:00 p.m.-9:00 p.m.,8,806,176,6
24,8,6,2010-02-01,Day 8: 9:00 p.m.-10:00 p.m.,8,789,177,7
24,8,7,2010-02-08,Day 8: 10:00 p.m.-11:00 p.m.,8.1,767,178,8
24,8,8,2010-02-15,Day 8: 11:00 p.m.-12:00 a.m.,8.1,751,179,9
24,8,9,2010-02-22,Day 8: 12:00 a.m.-1:00 a.m.,7.8,777,180,10
24,8,10,2010-03-01,Day 8: 1:00 a.m.-2:00 a.m.,7.9,754,181,11
24,8,11,2010-03-08,Day 8: 2:00 a.m.-3:00 a.m.,8.1,762,182,12
24,8,12,2010-03-15,Day 8: 3:00 a.m.-4:00 a.m.,8.6,796,183,13
24,8,13,2010-03-22,Day 8: 4:00 a.m.-5:00 a.m.,8.1,763,184,14
24,8,14,2010-03-29,Day 8: 5:00 a.m.-6:00 a.m.,8.2,749,185,15
24,8,15,2010-04-05,Day 8: 6:00 a.m.-7:00 a.m.,8.5,758,186,16
24,8,16,2010-04-05,Day 8: 7:00 a.m.-8:00 a.m.,9,858,187,17
24,8,17,2010-04-12,Day 8: 8:00 a.m.-9:00 a.m.,8.7,832,188,18
24,8,18,2010-04-19,Day 8: 9:00 a.m.-10:00 a.m.,8.4,769,189,19
24,8,19,2010-04-26,Day 8: 10:00 a.m.-11:00 a.m.,8.1,770,190,20
24,8,20,2010-05-03,Day 8: 11:00 a.m.-12:00 p.m.,8.6,798,191,21
24,8,21,2010-05-10,Day 8: 12:00 p.m.-1:00 p.m.,8.9,827,192,22
24,8,22,2010-05-17,Day 8: 1:00 p.m.-2:00 p.m.,9.1,944,193,23
24,8,23,2010-05-24,Day 8: 2:00 p.m.-3:00 p.m.,9,889,194,24
24,8,24,2010-05-24,Day 8: 3:00 p.m.-4:00 p.m.,9.1,1328,195,25
Scrubs,8,8,2009-02-03,My Lawyer's in Love,8.5,726,158,1
Scrubs,8,9,2009-02-10,My Absence,7.7,604,159,2
Scrubs,8,10,2009-02-10,My Comedy Show,7.8,593,160,3
Scrubs,8,11,2009-03-18,My Nah Nah Nah,7.7,620,161,4
Scrubs,8,12,2009-03-25,Their Story II,7.7,603,162,5
Scrubs,8,13,2009-04-01,My Full Moon,7.8,638,163,6
Scrubs,8,14,2009-04-08,My Soul on Fire: Part 1,8,659,164,7
Scrubs,8,15,2009-04-15,My Soul on Fire: Part 2,8.3,729,165,8
Scrubs,8,16,2009-04-22,My Cuz,7.9,603,166,9
Scrubs,8,17,2009-05-05,My Chief Concern,8.3,643,167,10
Scrubs,8,18,2009-05-06,My Finale: Part 1,9.3,1557,168,11
Scrubs,8,19,2009-05-06,My Finale: Part 2,9.8,3708,169,12
Scrubs,9,1,2009-12-01,Our First Day of School,6.6,756,170,13
Scrubs,9,2,2009-12-01,Our Drunk Friend,6.6,606,171,14
Scrubs,9,3,2009-12-08,Our Role Models,6.5,560,172,15
Scrubs,9,4,2009-12-15,Our Histories,6.6,516,173,16
Scrubs,9,5,2009-12-22,Our Mysteries,6.2,484,174,17
Scrubs,9,6,2010-01-01,Our New Girl-Bro,6.1,484,175,18
Scrubs,9,7,2010-01-05,Our White Coats,6.2,484,176,19
Scrubs,9,8,2010-01-05,Our Couples,5.9,501,177,20
Scrubs,9,9,2010-01-12,Our Stuff Gets Real,6.5,498,178,21
Scrubs,9,10,2010-01-19,Our True Lies,6.3,471,179,22
Scrubs,9,11,2010-01-26,Our Dear Leaders,5.9,478,180,23
Scrubs,9,12,2010-03-10,Our Driving Issues,6,483,181,24
Scrubs,9,13,2010-03-17,Our Thanks,6.1,553,182,25
Homeland,6,12,2017-04-09,America First,8.2,2280,72,1
Homeland,7,1,2018-02-11,Enemy of the State,7.7,1821,73,2
Homeland,7,2,2018-02-18,Rebel Rebel,7.7,1653,74,3
Homeland,7,3,2018-02-25,Standoff,7.6,1509,75,4
Homeland,7,4,2018-03-04,Like Bad at Things,8.7,1851,76,5
Homeland,7,5,2018-03-11,Active Measures,7.8,1475,77,6
Homeland,7,6,2018-03-18,Species Jump,8.4,1616,78,7
Homeland,7,7,2018-03-25,Andante,8,1458,79,8
Homeland,7,8,2018-04-01,"Lies, Amplifiers, Fucking Twitter",8.3,1483,80,9
Homeland,7,9,2018-04-08,Useful Idiot,8.7,1801,81,10
Homeland,7,10,2018-04-15,Clarity,7.9,1472,82,11
Homeland,7,11,2018-04-22,All In,8.9,1996,83,12
Homeland,7,12,2018-04-29,Paean to the People,8.4,1864,84,13
Homeland,8,1,2020-02-09,Deception Indicated,8.1,1442,85,14
Homeland,8,2,2020-02-16,Catch and Release,8.2,1226,86,15
Homeland,8,3,2020-02-23,False Friends,8.1,1152,87,16
Homeland,8,4,2020-03-01,Chalk One Up,9,1487,88,17
Homeland,8,5,2020-03-08,Chalk Two Down,9.1,1419,89,18
Homeland,8,6,2020-03-15,Two Minutes,8.5,1180,90,19
Homeland,8,7,2020-03-22,F**ker Shot Me,8.3,1147,91,20
Homeland,8,8,2020-03-29,Threnody(s),8.6,1232,92,21
Homeland,8,9,2020-04-05,In Full Flight,8.6,1150,93,22
Homeland,8,10,2020-04-12,Designated Driver,8.8,1343,94,23
Homeland,8,11,2020-04-19,The English Teacher,9.1,1523,95,24
Homeland,8,12,2020-04-26,Prisoners of War,9.5,3558,96,25
Prison Break,4,9,2008-11-03,Greatness Achieved,8.8,2637,66,1
Prison Break,4,10,2008-11-10,The Legend,8.1,2280,67,2
Prison Break,4,11,2008-11-17,Quiet Riot,8.5,2371,68,3
Prison Break,4,12,2008-11-24,Selfless,9,2916,69,4
Prison Break,4,13,2008-12-01,Deal or No Deal,8.3,2278,70,5
Prison Break,4,14,2008-12-08,Just Business,8.1,2256,71,6
Prison Break,4,15,2008-12-15,Going Under,7.9,2220,72,7
Prison Break,4,16,2008-12-22,The Sunshine State,7.8,2319,73,8
Prison Break,4,17,2009-04-17,The Mother Lode,7.7,2325,74,9
Prison Break,4,18,2009-04-24,VS.,7.6,2224,75,10
Prison Break,4,19,2009-05-01,S.O.B.,7.7,2184,76,11
Prison Break,4,20,2009-05-08,Cowboys and Indians,8.2,2225,77,12
Prison Break,4,21,2009-05-15,Rates of Exchange,8.4,2262,78,13
Prison Break,4,22,2009-05-15,Killing Your Number,9,3280,79,14
Prison Break,4,23,2009-05-24,The Old Ball and Chain,8,2148,80,15
Prison Break,4,24,2009-05-24,Free,8.6,2752,81,16
Prison Break,5,1,2017-04-04,Ogygia,8.6,6781,82,17
Prison Break,5,2,2017-04-11,Kaniel Outis,8.4,4661,83,18
Prison Break,5,3,2017-04-18,The Liar,8.2,3882,84,19
Prison Break,5,4,2017-04-25,The Prisoner's Dilemma,8.8,4029,85,20
Prison Break,5,5,2017-05-02,Contingency,7.9,3208,86,21
Prison Break,5,6,2017-05-09,Phaecia,7.7,2943,87,22
Prison Break,5,7,2017-05-16,Wine Dark Sea,8.1,2956,88,23
Prison Break,5,8,2017-05-23,Progeny,8.8,3397,89,24
Prison Break,5,9,2017-05-30,Behind the Eyes,8.5,3617,90,25
Lost,5,10,2009-03-25,He's Our You,8.5,3609,94,1
Lost,5,11,2009-04-01,"Whatever Happened, Happened",8.4,3619,95,2
Lost,5,12,2009-04-08,Dead Is Dead,8.8,3858,96,3
Lost,5,13,2009-04-15,Some Like It Hoth,8.3,3357,97,4
Lost,5,14,2009-04-29,The Variable,8.8,4021,98,5
Lost,5,15,2009-05-06,Follow the Leader,8.7,3683,99,6
Lost,5,16,2009-05-16,The Incident: Part 1,9.2,5378,100,7
Lost,5,17,2009-05-13,The Incident: Part 2,9.2,3257,101,8
Lost,6,1,2010-02-02,LA X - Part 1,8.7,4524,102,9
Lost,6,2,2010-02-02,LA X - Part 2,8.5,2615,103,10
Lost,6,3,2010-02-09,What Kate Does,7.7,3817,104,11
Lost,6,4,2010-02-16,The Substitute,8.4,3514,105,12
Lost,6,5,2010-02-23,Lighthouse,8.1,3458,106,13
Lost,6,6,2010-03-02,Sundown,8.1,3370,107,14
Lost,6,7,2010-03-09,Dr. Linus,8.5,3501,108,15
Lost,6,8,2010-03-16,Recon,7.9,3456,109,16
Lost,6,9,2010-03-23,Ab Aeterno,9.3,5645,110,17
Lost,6,10,2010-03-30,The Package,7.9,3389,111,18
Lost,6,11,2010-04-06,Happily Ever After,8.9,4204,112,19
Lost,6,12,2010-04-13,Everybody Loves Hugo,8.5,3494,113,20
Lost,6,13,2010-04-20,The Last Recruit,8.2,3442,114,21
Lost,6,14,2010-05-04,The Candidate,8.9,4443,115,22
Lost,6,15,2010-05-11,Across the Sea,8.2,4578,116,23
Lost,6,16,2010-05-18,What They Died For,8.7,3997,117,24
Lost,6,17,2010-05-23,The End,8.2,9800,118,25
How I Met Your Mother,8,24,2013-05-13,Something New,8.8,3520,184,1
How I Met Your Mother,9,1,2013-09-23,The Locket,7.8,3276,185,2
How I Met Your Mother,9,2,2013-09-23,Coming Back,7.7,2864,186,3
How I Met Your Mother,9,3,2013-09-30,Last Time in New York,7.6,2720,187,4
How I Met Your Mother,9,4,2013-10-07,The Broken Code,7.3,2625,188,5
How I Met Your Mother,9,5,2013-10-14,The Poker Game,7.2,2608,189,6
How I Met Your Mother,9,6,2013-10-21,Knight Vision,7.5,2586,190,7
How I Met Your Mother,9,7,2013-10-28,No Questions Asked,7.4,2621,191,8
How I Met Your Mother,9,8,2013-11-04,The Lighthouse,7.3,2647,192,9
How I Met Your Mother,9,9,2013-11-11,Platonish,8.3,3037,193,10
How I Met Your Mother,9,10,2013-11-18,Mom and Dad,6.7,2756,194,11
How I Met Your Mother,9,11,2013-11-25,Bedtime Stories,5.7,4568,195,12
How I Met Your Mother,9,12,2013-12-02,The Rehearsal Dinner,7.8,2882,196,13
How I Met Your Mother,9,13,2013-12-16,Bass Player Wanted,8.3,2942,197,14
How I Met Your Mother,9,14,2014-01-13,Slapsgiving 3: Slappointment in Slapmarra,5.9,4647,198,15
How I Met Your Mother,9,15,2014-01-20,Unpause,8.4,3069,199,16
How I Met Your Mother,9,16,2014-01-27,How Your Mother Met Me,9.5,8371,200,17
How I Met Your Mother,9,17,2014-02-03,Sunrise,8.2,3214,201,18
How I Met Your Mother,9,18,2014-02-24,Rally,8,2646,202,19
How I Met Your Mother,9,19,2014-03-03,Vesuvius,7.7,2690,203,20
How I Met Your Mother,9,20,2014-03-10,Daisy,8.5,2987,204,21
How I Met Your Mother,9,21,2014-03-17,Gary Blauman,8.3,3077,205,22
How I Met Your Mother,9,22,2014-03-24,The End of the Aisle,8.9,3977,206,23
How I Met Your Mother,9,23,2014-03-31,Last Forever: Part One,6.7,8837,207,24
How I Met Your Mother,9,24,2014-03-31,Last Forever: Part Two,5.5,16221,208,25
The Americans,4,12,2016-06-01,A Roy Rogers in Franconia,8.5,921,51,1
The Americans,4,13,2016-06-08,Persona Non Grata,8.5,1013,52,2
The Americans,5,1,2017-03-07,Amber Waves,8.3,1054,53,3
The Americans,5,2,2017-03-14,Pests,7.9,902,54,4
The Americans,5,3,2017-03-21,The Midges,8.2,889,55,5
The Americans,5,4,2017-03-28,What's the Matter with Kansas?,7.9,863,56,6
The Americans,5,5,2017-04-04,Lotus 1-2-3,8.4,893,57,7
The Americans,5,6,2017-04-11,Crossbreed,8.1,848,58,8
The Americans,5,7,2017-04-18,The Committee on Human Rights,8,832,59,9
The Americans,5,8,2017-04-25,Immersion,7.8,812,60,10
The Americans,5,9,2017-05-02,IHOP,8,818,61,11
The Americans,5,10,2017-05-09,Darkroom,8.3,872,62,12
The Americans,5,11,2017-05-16,Dyatkovo,8.8,937,63,13
The Americans,5,12,2017-05-23,The World Council of Churches,8.2,807,64,14
The Americans,5,13,2017-05-30,The Soviet Division,8.3,868,65,15
The Americans,6,1,2018-03-28,Dead Hand,8.9,1205,66,16
The Americans,6,2,2018-04-04,Tchaikovsky,8.3,991,67,17
The Americans,6,3,2018-04-11,Urban Transport Planning,8.5,941,68,18
The Americans,6,4,2018-04-18,Mr. and Mrs. Teacup,8.4,917,69,19
The Americans,6,5,2018-04-25,The Great Patriotic War,9.3,1170,70,20
The Americans,6,6,2018-05-02,Rififi,8.9,1030,71,21
The Americans,6,7,2018-05-09,Harvest,9.4,1256,72,22
The Americans,6,8,2018-05-16,The Summit,9.2,1066,73,23
The Americans,6,9,2018-05-23,"Jennings, Elizabeth",9.6,1431,74,24
The Americans,6,10,2018-05-30,START,9.8,2979,75,25
Stargate SG-1,9,16,2006-02-10,Off the Grid,7.5,623,189,1
Stargate SG-1,9,17,2006-02-17,The Scourge,7,649,190,2
Stargate SG-1,9,18,2006-02-24,Arthur's Mantle,7.9,636,191,3
Stargate SG-1,9,19,2006-03-03,Crusade,8,648,192,4
Stargate SG-1,9,20,2006-03-10,Camelot,8.7,738,193,5
Stargate SG-1,10,1,2006-11-02,Flesh and Blood,8.5,731,194,6
Stargate SG-1,10,2,2006-11-09,Morpheus,7.7,667,195,7
Stargate SG-1,10,3,2006-11-16,The Pegasus Project,9.1,889,196,8
Stargate SG-1,10,4,2006-11-23,Insiders,7.6,652,197,9
Stargate SG-1,10,5,2006-11-30,Uninvited,7.2,648,198,10
Stargate SG-1,10,6,2006-12-07,200,8.6,1316,199,11
Stargate SG-1,10,7,2006-12-14,Counterstrike,8.2,681,200,12
Stargate SG-1,10,8,2006-12-21,Memento Mori,7.7,685,201,13
Stargate SG-1,10,9,NA,Company of Thieves,7.7,633,202,14
Stargate SG-1,10,10,2006-09-22,The Quest: Part 1,8.7,729,203,15
Stargate SG-1,10,11,2007-01-10,The Quest: Part 2,8.8,726,204,16
Stargate SG-1,10,12,2007-01-16,Line in the Sand,7.7,649,205,17
Stargate SG-1,10,13,2007-01-23,The Road Not Taken,7.8,684,206,18
Stargate SG-1,10,14,2007-01-30,The Shroud,8.8,764,207,19
Stargate SG-1,10,15,2007-02-06,Bounty,7.9,671,208,20
Stargate SG-1,10,16,2007-02-13,Bad Guys,8.2,742,209,21
Stargate SG-1,10,17,2007-02-20,Talion,7.4,640,210,22
Stargate SG-1,10,18,2007-02-27,Family Ties,6.8,685,211,23
Stargate SG-1,10,19,2007-06-15,Dominion,8.4,676,212,24
Stargate SG-1,10,20,2007-03-13,Unending,9.1,1326,213,25
The Legend of Korra,3,2,2014-06-27,Rebirth,8.7,1516,28,1
The Legend of Korra,3,3,2014-06-27,The Earth Queen,8.4,1506,29,2
The Legend of Korra,3,4,2014-07-11,In Harm's Way,8.6,1460,30,3
The Legend of Korra,3,5,2014-07-11,The Metal Clan,8.6,1462,31,4
The Legend of Korra,3,6,2014-07-18,Old Wounds,8.6,1456,32,5
The Legend of Korra,3,7,2014-07-18,Original Airbenders,8.3,1484,33,6
The Legend of Korra,3,8,2014-07-25,The Terror Within,8.9,1499,34,7
The Legend of Korra,3,9,2014-08-01,The Stakeout,8.8,1483,35,8
The Legend of Korra,3,10,2014-08-07,Long Live the Queen,9,1637,36,9
The Legend of Korra,3,11,2014-08-15,The Ultimatum,9.3,2233,37,10
The Legend of Korra,3,12,2014-08-22,Enter the Void,9.4,2067,38,11
The Legend of Korra,3,13,2014-08-22,Venom of the Red Lotus,9.6,2752,39,12
The Legend of Korra,4,1,2014-10-03,After All These Years,8.7,1565,40,13
The Legend of Korra,4,2,2014-10-10,Korra Alone,9.3,1827,41,14
The Legend of Korra,4,3,2014-10-17,The Coronation,8.5,1319,42,15
The Legend of Korra,4,4,2014-10-24,The Calling,8.7,1327,43,16
The Legend of Korra,4,5,2014-10-31,Enemy at the Gates,8.6,1278,44,17
The Legend of Korra,4,6,2014-11-07,The Battle of Zaofu,8.6,967,45,18
The Legend of Korra,4,7,2014-11-14,Reunion,8.3,953,46,19
The Legend of Korra,4,8,2014-11-21,Remembrances,6,1148,47,20
The Legend of Korra,4,9,2014-11-28,Beyond the Wilds,8.6,1012,48,21
The Legend of Korra,4,10,2014-12-05,Operation Beifong,9,1098,49,22
The Legend of Korra,4,11,2014-12-12,Kuvira's Gambit,8.8,1005,50,23
The Legend of Korra,4,12,2014-12-19,Day of the Colossus,9.2,1330,51,24
The Legend of Korra,4,13,2014-12-19,The Last Stand,9.1,1764,52,25
Entourage,6,6,2009-08-16,Murphy's Lie,8,582,72,1
Entourage,6,7,2009-08-23,No More Drama,8.1,586,73,2
Entourage,6,8,2009-08-30,The Sorkin Notes,8.3,584,74,3
Entourage,6,9,2009-09-13,Security Briefs,8,567,75,4
Entourage,6,10,2009-09-20,Berried Alive,8.1,569,76,5
Entourage,6,11,2009-09-27,Scared Straight,8.3,591,77,6
Entourage,6,12,2009-10-04,Give a Little Bit,9.3,1044,78,7
Entourage,7,1,2010-06-27,Stunted,8,699,79,8
Entourage,7,2,2010-07-11,Buzzed,7.9,602,80,9
Entourage,7,3,2010-07-18,Dramedy,7.6,563,81,10
Entourage,7,4,2010-07-25,Tequila Sunrise,8,565,82,11
Entourage,7,5,2010-08-01,Bottoms Up,8.2,577,83,12
Entourage,7,6,2010-08-08,Hair,8,570,84,13
Entourage,7,7,2010-08-15,Tequila and Coke,7.9,584,85,14
Entourage,7,8,2010-08-22,Sniff Sniff Gang Bang,7.9,575,86,15
Entourage,7,9,2010-08-29,Porn Scenes from an Italian Restaurant,8,607,87,16
Entourage,7,10,2010-09-12,Lose Yourself,9,898,88,17
Entourage,8,1,2011-07-24,Home Sweet Home,8.2,861,89,18
Entourage,8,2,2011-07-31,Out with a Bang,8,604,90,19
Entourage,8,3,2011-08-07,One Last Shot,8.1,637,91,20
Entourage,8,4,2011-08-14,Whiz Kid,7.9,572,92,21
Entourage,8,5,2011-08-21,Motherfucker,8,581,93,22
Entourage,8,6,2011-08-28,The Big Bang,7.8,552,94,23
Entourage,8,7,2011-09-04,Second to Last,8.5,637,95,24
Entourage,8,8,2011-09-11,The End,8.8,1475,96,25
Person of Interest,4,11,2015-01-06,If-Then-Else,9.9,10799,79,1
Person of Interest,4,12,2015-01-13,Control-Alt-Delete,9.4,2971,80,2
Person of Interest,4,13,2015-02-03,M.I.A.,9,2369,81,3
Person of Interest,4,14,2015-02-10,Guilty,8.7,2054,82,4
Person of Interest,4,15,2015-02-17,Q & A,9,2160,83,5
Person of Interest,4,16,2015-02-24,Blunt,8.3,1953,84,6
Person of Interest,4,17,2015-03-10,Karma,8.6,1943,85,7
Person of Interest,4,18,2015-03-24,Skip,8.9,2323,86,8
Person of Interest,4,19,2015-04-07,Search and Destroy,9,2285,87,9
Person of Interest,4,20,2015-04-14,Terra Incognita,9,3033,88,10
Person of Interest,4,21,2015-04-28,Asylum,9.6,3691,89,11
Person of Interest,4,22,2015-05-05,YHWH,9.8,6095,90,12
Person of Interest,5,1,2016-05-03,B.S.O.D.,9.4,3464,91,13
Person of Interest,5,2,2016-05-09,SNAFU,9.3,2823,92,14
Person of Interest,5,3,2016-05-10,Truth Be Told,8.9,2560,93,15
Person of Interest,5,4,2016-05-15,"6,741",9.5,4475,94,16
Person of Interest,5,5,2016-05-18,ShotSeeker,9.1,2488,95,17
Person of Interest,5,6,2016-05-23,A More Perfect Union,8.7,2364,96,18
Person of Interest,5,7,2016-05-24,QSO,9.1,2534,97,19
Person of Interest,5,8,2016-05-24,Reassortment,9,2440,98,20
Person of Interest,5,9,2016-05-30,Sotto Voce,9.4,2831,99,21
Person of Interest,5,10,2016-05-31,The Day the World Went Away,9.8,5558,100,22
Person of Interest,5,11,2016-06-07,Synecdoche,9.4,2818,101,23
Person of Interest,5,12,2016-06-14,.exe,9.6,3283,102,24
Person of Interest,5,13,2016-06-21,Return 0,9.8,9136,103,25
Futurama,9,2,2012-06-20,A Farewell to Arms,7.6,1070,100,1
Futurama,9,3,2012-06-27,Decision 3012,7.5,1102,101,2
Futurama,9,4,2012-07-04,The Thief of Baghead,7.3,1006,102,3
Futurama,9,5,2012-07-11,Zapp Dingbat,7.1,992,103,4
Futurama,9,6,2012-07-18,The Butterjunk Effect,7,999,104,5
Futurama,9,7,2012-07-25,The Six Million Dollar Mon,7.5,1013,105,6
Futurama,9,8,2012-08-01,Fun on a Bun,7.7,1031,106,7
Futurama,9,9,2012-08-08,Free Will Hunting,7.3,964,107,8
Futurama,9,10,2012-08-15,Near-Death Wish,7.6,992,108,9
Futurama,9,11,2012-08-22,Viva Mars Vegas,7.6,932,109,10
Futurama,9,12,2012-08-29,31st Century Fox,7.2,957,110,11
Futurama,9,13,2012-08-29,Naturama,7.3,1104,111,12
Futurama,10,1,2013-09-05,2-D Blacktop,7.3,966,112,13
Futurama,10,2,2013-09-12,Fry and Leela's Big Fling,8,971,113,14
Futurama,10,3,2013-09-19,T.: The Terrestrial,7.4,923,114,15
Futurama,10,4,2013-09-26,Forty Percent Leadbelly,6.7,961,115,16
Futurama,10,5,2013-10-03,The Inhuman Torch,7.3,925,116,17
Futurama,10,6,2013-10-10,Saturday Morning Fun Pit,6.9,1135,117,18
Futurama,10,7,2013-10-17,Calculon 2.0,7.2,928,118,19
Futurama,10,8,2013-10-24,Assie Come Home,7.2,923,119,20
Futurama,10,9,2013-11-07,Leela and the Genestalk,7.1,900,120,21
Futurama,10,10,2013-11-14,Game of Tones,8.5,1380,121,22
Futurama,10,11,2013-11-21,Murder on the Planet Express,8.5,1166,122,23
Futurama,10,12,2013-11-28,Stench and Stenchibility,8,1131,123,24
Futurama,10,13,2013-12-05,Meanwhile,9.4,2693,124,25
Fringe,4,11,2012-02-03,Making Angels,8.2,1397,76,1
Fringe,4,12,2012-02-10,Welcome to Westfield,8.7,1621,77,2
Fringe,4,13,2012-02-17,A Better Human Being,8.2,1425,78,3
Fringe,4,14,2012-02-24,The End of All Things,8.9,1552,79,4
Fringe,4,15,2012-03-23,A Short Story About Love,8.2,1600,80,5
Fringe,4,16,2012-03-30,Nothing As It Seems,8.1,1376,81,6
Fringe,4,17,2012-04-06,Everything in Its Right Place,8.3,1370,82,7
Fringe,4,18,2012-04-13,The Consultant,8.2,1303,83,8
Fringe,4,19,2012-04-20,Letters of Transit,9.1,2350,84,9
Fringe,4,20,2012-04-27,Worlds Apart,8.7,1451,85,10
Fringe,4,21,2012-05-04,Brave New World: Part 1,8.5,1515,86,11
Fringe,4,22,2012-05-11,Brave New World: Part 2,8.8,1675,87,12
Fringe,5,1,2012-09-28,Transilience Thought Unifier Model-11,8.3,1749,88,13
Fringe,5,2,2012-10-05,In Absentia,8.3,1316,89,14
Fringe,5,3,2012-10-12,The Recordist,8,1359,90,15
Fringe,5,4,2012-10-26,The Bullet That Saved the World,8.8,1551,91,16
Fringe,5,5,2012-11-02,An Origin Story,8.6,1370,92,17
Fringe,5,6,2012-11-09,Through the Looking Glass and What Walter Found There,8.8,1407,93,18
Fringe,5,7,2012-11-16,Five-Twenty-Ten,8.7,1337,94,19
Fringe,5,8,2012-12-07,The Human Kind,8.4,1334,95,20
Fringe,5,9,2012-12-14,Black Blotter,8.5,1395,96,21
Fringe,5,10,2012-12-21,Anomaly XB-6783746,9,1515,97,22
Fringe,5,11,2013-01-11,The Boy Must Live,8.8,1390,98,23
Fringe,5,12,2013-01-18,Liberty,9.1,1584,99,24
Fringe,5,13,2013-01-18,An Enemy of Fate,9.4,2932,100,25
Flight of the Conchords,1,1,2007-06-17,Sally,8.3,788,1,1
Flight of the Conchords,1,2,2007-06-24,Bret Gives Up the Dream,8.3,617,2,2
Flight of the Conchords,1,3,2007-07-01,Mugged,8.9,708,3,3
Flight of the Conchords,1,4,2007-07-08,Yoko,8.6,578,4,4
Flight of the Conchords,1,5,2007-07-15,Sally Returns,8.2,522,5,5
Flight of the Conchords,1,6,2007-07-22,Bowie,8.2,556,6,6
Flight of the Conchords,1,7,2007-07-29,Drive By,8.6,547,7,7
Flight of the Conchords,1,8,2007-08-05,Girlfriends,8.5,519,8,8
Flight of the Conchords,1,9,2007-08-12,What Goes on Tour,8.4,490,9,9
Flight of the Conchords,1,10,2007-08-19,New Fans,8.4,487,10,10
Flight of the Conchords,1,11,2007-08-26,The Actor,8.6,488,11,11
Flight of the Conchords,1,12,2007-09-02,The Third Conchord,8.2,483,12,12
Flight of the Conchords,2,1,2009-01-18,A Good Opportunity,8.2,463,13,13
Flight of the Conchords,2,2,2009-01-25,New Cup,8.8,490,14,14
Flight of the Conchords,2,3,2009-02-01,The Tough Brets,8.6,453,15,15
Flight of the Conchords,2,4,2009-02-08,Murray Takes It to the Next Level,8.2,412,16,16
Flight of the Conchords,2,5,2009-02-15,Unnatural Love,8.9,560,17,17
Flight of the Conchords,2,6,2009-02-22,Love Is a Weapon of Choice,8.4,426,18,18
Flight of the Conchords,2,7,2009-03-01,Prime Minister,8.4,405,19,19
Flight of the Conchords,2,8,2009-03-08,New Zealand Town,8,372,20,20
Flight of the Conchords,2,9,2009-03-15,Wingmen,8,334,21,21
Flight of the Conchords,2,10,2009-03-22,Evicted,8.3,355,22,22
Silicon Valley,4,1,2017-04-23,Success Failure,8.2,1324,29,1
Silicon Valley,4,2,2017-04-30,Terms of Service,8.6,1281,30,2
Silicon Valley,4,3,2017-05-07,Intellectual Property,8.6,1193,31,3
Silicon Valley,4,4,2017-05-14,Teambuilding Exercise,8.2,1089,32,4
Silicon Valley,4,5,2017-05-21,The Blood Boy,8.1,1085,33,5
Silicon Valley,4,6,2017-05-28,Customer Service,8,1057,34,6
Silicon Valley,4,7,2017-06-04,The Patent Troll,8,1021,35,7
Silicon Valley,4,8,2017-06-11,The Keenan Vortex,8.1,1016,36,8
Silicon Valley,4,9,2017-06-18,Hooli-Con,8.5,1072,37,9
Silicon Valley,4,10,2017-06-25,Server Error,8.5,1180,38,10
Silicon Valley,5,1,2018-03-25,Grow Fast or Die Slow,8,1237,39,11
Silicon Valley,5,2,2018-04-01,Reorientation,7.8,1145,40,12
Silicon Valley,5,3,2018-04-08,Chief Operating Officer,8.3,1131,41,13
Silicon Valley,5,4,2018-04-15,Tech Evangelist,7.7,1056,42,14
Silicon Valley,5,5,2018-04-22,Facial Recognition,8.1,1066,43,15
Silicon Valley,5,6,2018-04-29,Artificial Emotional Intelligence,7.9,993,44,16
Silicon Valley,5,7,2018-05-06,Initial Coin Offering,8,973,45,17
Silicon Valley,5,8,2018-05-13,Fifty-One Percent,9.2,1845,46,18
Silicon Valley,6,1,2019-10-27,Artificial Lack of Intelligence,8.2,1155,47,19
Silicon Valley,6,2,2019-11-03,Blood Money,8.1,1000,48,20
Silicon Valley,6,3,2019-11-10,Hooli Smokes!,8.5,980,49,21
Silicon Valley,6,4,2019-11-17,Maximizing Alphaness,7.4,935,50,22
Silicon Valley,6,5,2019-11-24,Tethics,7.7,880,51,23
Silicon Valley,6,6,2019-12-01,RussFest,8.5,1070,52,24
Silicon Valley,6,7,2019-12-08,Exit Event,8.7,2293,53,25
Big Little Lies,1,1,2017-02-19,Somebody's Dead,8.2,4751,1,1
Big Little Lies,1,2,2017-02-26,Serious Mothering,8.2,4039,2,2
Big Little Lies,1,3,2017-03-05,Living the Dream,8.5,3859,3,3
Big Little Lies,1,4,2017-03-12,Push Comes to Shove,8.3,3653,4,4
Big Little Lies,1,5,2017-03-19,Once Bitten,8.7,3846,5,5
Big Little Lies,1,6,2017-03-26,Burning Love,8.6,3690,6,6
Big Little Lies,1,7,2017-04-02,You Get What You Need,9.5,6632,7,7
Big Little Lies,2,1,2019-06-09,What Have They Done?,8.2,3860,8,8
Big Little Lies,2,2,2019-06-16,Tell-Tale Hearts,8.8,3592,9,9
Big Little Lies,2,3,2019-06-23,The End of the World,8.2,2763,10,10
Big Little Lies,2,4,2019-06-30,She Knows,8.3,2606,11,11
Big Little Lies,2,5,2019-07-07,Kill Me,8.2,2538,12,12
Big Little Lies,2,6,2019-07-14,The Bad Mother,8.8,2920,13,13
Big Little Lies,2,7,2019-07-21,I Want to Know,8.9,3402,14,14
Boardwalk Empire,3,9,2012-11-04,The Pony,8.8,1352,33,1
Boardwalk Empire,3,10,2012-11-11,The Milkmaid's Lot,8.6,1279,34,2
Boardwalk Empire,3,11,2012-11-18,"A Man, a Plan...",9.1,1509,35,3
Boardwalk Empire,3,12,2012-11-25,Two Imposters,9.5,2087,36,4
Boardwalk Empire,3,13,2012-12-02,Margate Sands,9.4,1989,37,5
Boardwalk Empire,4,1,2013-09-08,New York Sour,8.3,1493,38,6
Boardwalk Empire,4,2,2013-09-15,Resignation,8.3,1306,39,7
Boardwalk Empire,4,3,2013-09-22,Acres of Diamonds,8.1,1248,40,8
Boardwalk Empire,4,4,2013-09-29,All In,8.6,1266,41,9
Boardwalk Empire,4,5,2013-10-06,Erlk√∂nig,9,1449,42,10
Boardwalk Empire,4,6,2013-10-13,The North Star,7.9,1211,43,11
Boardwalk Empire,4,7,2013-10-20,William Wilson,8,1194,44,12
Boardwalk Empire,4,8,2013-10-27,The Old Ship of Zion,8.8,1272,45,13
Boardwalk Empire,4,9,2013-11-03,Marriage and Hunting,8.6,1239,46,14
Boardwalk Empire,4,10,2013-11-10,White Horse Pike,8.9,1356,47,15
Boardwalk Empire,4,11,2013-11-17,Havre de Grace,8.4,1228,48,16
Boardwalk Empire,4,12,2013-11-24,Farewell Daddy Blues,9.4,2089,49,17
Boardwalk Empire,5,1,2014-09-07,Golden Days for Boys and Girls,8.4,1503,50,18
Boardwalk Empire,5,2,2014-09-14,The Good Listener,8.3,1265,51,19
Boardwalk Empire,5,3,2014-09-21,What Jesus Said,8,1214,52,20
Boardwalk Empire,5,4,2014-09-28,Cuanto,8.6,1286,53,21
Boardwalk Empire,5,5,2014-10-05,King of Norway,8.5,1238,54,22
Boardwalk Empire,5,6,2014-10-12,Devil You Know,9,1607,55,23
Boardwalk Empire,5,7,2014-10-19,Friendless Child,9.2,1579,56,24
Boardwalk Empire,5,8,2014-10-21,Eldorado,9.3,2372,57,25
Community,5,2,2014-01-02,Introduction to Teaching,8.6,2540,86,1
Community,5,3,2014-01-09,Basic Intergluteal Numismatics,9,3123,87,2
Community,5,4,2014-01-16,Cooperative Polygraphy,9.3,3135,88,3
Community,5,5,2014-01-23,Geothermal Escapism,9.4,3608,89,4
Community,5,6,2014-01-30,Analysis of Cork-Based Networking,8.1,2225,90,5
Community,5,7,2014-02-27,Bondage and Beta Male Sexuality,7.8,1982,91,6
Community,5,8,2014-03-06,App Development and Condiments,9,2833,92,7
Community,5,9,2014-03-13,VCR Maintenance and Educational Publishing,8.1,2062,93,8
Community,5,10,2014-03-20,Advanced Advanced Dungeons & Dragons,8.5,2207,94,9
Community,5,11,2014-04-03,G.I. Jeff,8,2267,95,10
Community,5,12,2014-04-10,Basic Story,7.8,1830,96,11
Community,5,13,2014-04-17,Basic Sandwich,8.2,1943,97,12
Community,6,1,2015-03-17,Ladders,7.8,2168,98,13
Community,6,2,2015-03-17,Lawnmower Maintenance & Postnatal Care,7.6,2008,99,14
Community,6,3,2015-03-24,Basic Crisis Room Decorum,7.8,1878,100,15
Community,6,4,2015-03-31,Queer Studies & Advanced Waxing,8.1,1945,101,16
Community,6,5,2015-04-07,Laws of Robotics & Party Rights,7.7,1786,102,17
Community,6,6,2015-04-14,Basic Email Security,7.7,1797,103,18
Community,6,7,2015-04-21,Advanced Safety Features,7.4,1762,104,19
Community,6,8,2015-04-28,Intro to Recycled Cinema,7.9,1779,105,20
Community,6,9,2015-05-05,Grifting 101,7.7,1751,106,21
Community,6,10,2015-05-12,Basic RV Repair and Palmistry,7.5,1754,107,22
Community,6,11,2015-05-19,Modern Espionage,9,2318,108,23
Community,6,12,2015-05-26,Wedding Videography,8.6,2020,109,24
Community,6,13,2015-06-02,Emotional Consequences of Broadcast Television,9.5,4233,110,25
Hannibal,2,2,2014-03-07,Sakizuke,9.1,4408,15,1
Hannibal,2,3,2014-03-14,Hassun,8.8,4115,16,2
Hannibal,2,4,2014-03-21,Takiawase,9.3,4508,17,3
Hannibal,2,5,2014-03-28,Mukozuke,9.3,4562,18,4
Hannibal,2,6,2014-04-04,Futamono,9.3,4482,19,5
Hannibal,2,7,2014-04-11,Yakimono,9.3,4291,20,6
Hannibal,2,8,2014-04-18,Su-zakana,8.6,3963,21,7
Hannibal,2,9,2014-04-25,Shiizakana,8.7,3912,22,8
Hannibal,2,10,2014-05-02,Naka-Choko,9,4087,23,9
Hannibal,2,11,2014-05-09,Ko no Mono,9,3994,24,10
Hannibal,2,12,2014-05-16,Tome-wan,9.3,4523,25,11
Hannibal,2,13,2014-05-23,Mizumono,9.9,15472,26,12
Hannibal,3,1,2015-06-04,Antipasto,8.4,5018,27,13
Hannibal,3,2,2015-06-11,Primavera,8.2,4048,28,14
Hannibal,3,3,2015-06-18,Secondo,8.3,3632,29,15
Hannibal,3,4,2015-06-25,Aperitivo,8.2,3545,30,16
Hannibal,3,5,2015-07-02,Contorno,9.2,4163,31,17
Hannibal,3,6,2015-07-09,Dolce,8.9,3640,32,18
Hannibal,3,7,2015-07-16,Digestivo,9.4,4726,33,19
Hannibal,3,8,2015-07-23,The Great Red Dragon,8.8,3222,34,20
Hannibal,3,9,2015-07-30,...And the Woman Clothed with the Sun,8.6,2981,35,21
Hannibal,3,10,2015-08-06,...And the Woman Clothed in Sun,8.8,3005,36,22
Hannibal,3,11,2015-08-13,...And the Beast from the Sea,8.8,2973,37,23
Hannibal,3,12,2015-08-20,The Number of the Beast Is 666,9.1,3342,38,24
Hannibal,3,13,2015-08-27,The Wrath of the Lamb,9.8,11685,39,25
Mr. Robot,2,11,2016-09-14,eps2.9_pyth0n-pt1.p7z,8.6,4408,21,1
Mr. Robot,2,12,2016-09-21,eps2.9_pyth0n-pt2.p7z,9,4923,22,2
Mr. Robot,3,1,2017-10-11,eps3.0_power-saver-mode.h,8.8,4814,23,3
Mr. Robot,3,2,2017-10-18,eps3.1_undo.gz,9.2,4457,24,4
Mr. Robot,3,3,2017-10-25,eps3.2_legacy.so,8.8,4125,25,5
Mr. Robot,3,4,2017-11-01,eps3.3_m3tadata.par2,8.4,3653,26,6
Mr. Robot,3,5,2017-11-08,eps3.4_runtime-err0r.r00,9.7,8259,27,7
Mr. Robot,3,6,2017-11-15,eps3.5_kill-pr0cess.inc,9.7,7500,28,8
Mr. Robot,3,7,2017-11-22,eps3.6_fredrick+tanya.chk,9.1,4294,29,9
Mr. Robot,3,8,2017-11-29,eps3.7_dont-delete-me.ko,9.2,5204,30,10
Mr. Robot,3,9,2017-12-06,eps3.8_stage3.torrent,8.7,3558,31,11
Mr. Robot,3,10,2017-12-13,shutdown -r,9.5,5422,32,12
Mr. Robot,4,1,2019-10-06,401 Unauthorized,9.4,5903,33,13
Mr. Robot,4,2,2019-10-13,402 Payment Required,8.9,4648,34,14
Mr. Robot,4,3,2019-10-20,403 Forbidden,8.8,4616,35,15
Mr. Robot,4,4,2019-10-27,404 Not Found,8.9,5049,36,16
Mr. Robot,4,5,2019-11-03,405 Method Not Allowed,9.8,8984,37,17
Mr. Robot,4,6,2019-11-10,406 Not Acceptable,9.2,4963,38,18
Mr. Robot,4,7,2019-11-17,407 Proxy Authentication Required,9.9,18605,39,19
Mr. Robot,4,8,2019-11-24,408 Request Timeout,9.3,5510,40,20
Mr. Robot,4,9,2019-12-01,409 Conflict,9.8,8947,41,21
Mr. Robot,4,10,2019-12-08,410 Gone,8.4,5371,42,22
Mr. Robot,4,11,2019-12-15,eXit,9.6,6469,43,23
Mr. Robot,4,12,2019-12-22,whoami,9.6,7062,44,24
Mr. Robot,4,13,2019-12-22,"Hello, Elliot",9.9,11706,45,25
Adventure Time with Finn & Jake,9,3,2017-04-24,Elements Part 2: Bespoken For,8.7,255,228,1
Adventure Time with Finn & Jake,9,4,2017-04-25,Elements Part 3: Winter Light,8.6,252,229,2
Adventure Time with Finn & Jake,9,5,2017-04-25,Elements Part 4: Cloudy,8.3,249,230,3
Adventure Time with Finn & Jake,9,6,2017-04-26,Elements Part 5: Slime Central,8.1,241,231,4
Adventure Time with Finn & Jake,9,7,2017-04-26,Elements Part 6: Happy Warrior,8.4,244,232,5
Adventure Time with Finn & Jake,9,8,2017-04-27,Elements Part 7: Hero Heart,8.5,255,233,6
Adventure Time with Finn & Jake,9,9,2017-04-27,Elements Part 8: Skyhooks II,8.9,272,234,7
Adventure Time with Finn & Jake,9,10,2017-07-14,Abstract,8.1,250,235,8
Adventure Time with Finn & Jake,9,11,2017-07-14,Ketchup,8.4,268,236,9
Adventure Time with Finn & Jake,9,12,2017-07-14,Fionna and Cake and Fionna,6.9,229,237,10
Adventure Time with Finn & Jake,9,13,2017-07-14,Whispers,8.7,248,238,11
Adventure Time with Finn & Jake,9,14,2017-07-14,Three Buckets,8.9,262,239,12
Adventure Time with Finn & Jake,10,1,2017-09-17,The Wild Hunt,8.4,267,240,13
Adventure Time with Finn & Jake,10,2,2017-09-17,Always BMO Closing,7.9,248,241,14
Adventure Time with Finn & Jake,10,3,2017-09-17,Son of Rap Bear,7.3,253,242,15
Adventure Time with Finn & Jake,10,4,2017-09-17,Bonnibel Bubblegum,9,307,243,16
Adventure Time with Finn & Jake,10,5,2017-12-17,Seventeen,8.3,256,244,17
Adventure Time with Finn & Jake,10,6,2017-12-17,Ring of Fire,7,241,245,18
Adventure Time with Finn & Jake,10,7,2017-12-17,Marcy & Hunson,8.2,252,246,19
Adventure Time with Finn & Jake,10,8,2017-12-17,The First Investigation,8.9,291,247,20
Adventure Time with Finn & Jake,10,9,2018-03-18,Blenanas,7.6,233,248,21
Adventure Time with Finn & Jake,10,10,2018-03-18,Jake the Starchild,8.3,247,249,22
Adventure Time with Finn & Jake,10,11,2018-03-18,Temple of Mars,8.3,254,250,23
Adventure Time with Finn & Jake,10,12,2018-03-18,Gumbaldia,8.7,272,251,24
Adventure Time with Finn & Jake,10,13,2018-09-03,Come Along With Me,9.7,1690,252,25
Deadwood,8,12,2006-08-27,Tell Him Something Pretty,8.6,1131,96,1
Deadwood,9,1,2006-06-11,Tell Your God to Ready for Blood,8.5,1091,97,2
Deadwood,9,2,2006-06-18,I Am Not the Fine Man You Take Me For,8.6,1045,98,3
Deadwood,9,3,2006-06-25,True Colors,8.3,989,99,4
Deadwood,9,4,2006-07-02,Full Faith and Credit,8.3,993,100,5
Deadwood,9,5,2006-07-09,A Two-Headed Beast,9.1,1146,101,6
Deadwood,9,6,2006-07-16,A Rich Find,8.3,966,102,7
Deadwood,9,7,2006-07-23,Unauthorized Cinnamon,8.3,970,103,8
Deadwood,9,8,2006-07-30,Leviathan Smiles,8.2,973,104,9
Deadwood,9,9,2006-08-06,Amateur Night,8.4,982,105,10
Deadwood,9,10,2006-08-13,A Constant Throb,8.8,985,106,11
Deadwood,9,11,2006-08-20,The Catbird Seat,8.9,1033,107,12
Deadwood,9,12,2006-08-27,Tell Him Something Pretty,8.6,1131,108,13
Deadwood,10,1,2006-06-11,Tell Your God to Ready for Blood,8.5,1091,109,14
Deadwood,10,2,2006-06-18,I Am Not the Fine Man You Take Me For,8.6,1045,110,15
Deadwood,10,3,2006-06-25,True Colors,8.3,989,111,16
Deadwood,10,4,2006-07-02,Full Faith and Credit,8.3,993,112,17
Deadwood,10,5,2006-07-09,A Two-Headed Beast,9.1,1146,113,18
Deadwood,10,6,2006-07-16,A Rich Find,8.3,966,114,19
Deadwood,10,7,2006-07-23,Unauthorized Cinnamon,8.3,970,115,20
Deadwood,10,8,2006-07-30,Leviathan Smiles,8.2,973,116,21
Deadwood,10,9,2006-08-06,Amateur Night,8.4,982,117,22
Deadwood,10,10,2006-08-13,A Constant Throb,8.8,985,118,23
Deadwood,10,11,2006-08-20,The Catbird Seat,8.9,1033,119,24
Deadwood,10,12,2006-08-27,Tell Him Something Pretty,8.6,1131,120,25
Star Trek: The Next Generation,7,1,1993-09-18,"Descent, Part II",7.9,2065,152,1
Star Trek: The Next Generation,7,2,1993-09-25,Liaisons,6.7,1826,153,2
Star Trek: The Next Generation,7,3,1993-10-02,Interface,6.3,1769,154,3
Star Trek: The Next Generation,7,4,1993-10-09,"Gambit, Part I",7.9,2012,155,4
Star Trek: The Next Generation,7,5,1993-10-16,"Gambit, Part II",8,2005,156,5
Star Trek: The Next Generation,7,6,1993-10-23,Phantasms,7.7,1981,157,6
Star Trek: The Next Generation,7,7,1993-10-30,Dark Page,6.4,1944,158,7
Star Trek: The Next Generation,7,8,1993-11-06,Attached,7.6,1920,159,8
Star Trek: The Next Generation,7,9,1993-11-13,Force of Nature,6.4,1836,160,9
Star Trek: The Next Generation,7,10,1993-11-20,Inheritance,7.6,1907,161,10
Star Trek: The Next Generation,7,11,1993-11-27,Parallels,8.9,2533,162,11
Star Trek: The Next Generation,7,12,1994-01-08,The Pegasus,8.6,2247,163,12
Star Trek: The Next Generation,7,13,1994-01-15,Homeward,7.1,1821,164,13
Star Trek: The Next Generation,7,14,1994-01-29,Sub Rosa,4.9,2163,165,14
Star Trek: The Next Generation,7,15,1994-02-05,Lower Decks,8.7,2690,166,15
Star Trek: The Next Generation,7,16,1994-02-12,Thine Own Self,7.9,2012,167,16
Star Trek: The Next Generation,7,17,1994-02-19,Masks,6,2001,168,17
Star Trek: The Next Generation,7,18,1994-02-26,Eye of the Beholder,6.7,1792,169,18
Star Trek: The Next Generation,7,19,1994-03-19,Genesis,7.2,2032,170,19
Star Trek: The Next Generation,7,20,1994-03-26,Journey's End,6.4,1908,171,20
Star Trek: The Next Generation,7,21,1994-04-23,Firstborn,6.9,1720,172,21
Star Trek: The Next Generation,7,22,1994-04-30,Bloodlines,6.6,1688,173,22
Star Trek: The Next Generation,7,23,1994-05-07,Emergence,6.7,1732,174,23
Star Trek: The Next Generation,7,24,1994-05-14,Preemptive Strike,8,1882,175,24
Star Trek: The Next Generation,7,25,1994-05-23,All Good Things...,9.2,7617,176,25
The Newsroom,1,1,2012-06-24,We Just Decided To,9.1,2884,1,1
The Newsroom,1,2,2012-07-01,News Night 2.0,8,1754,2,2
The Newsroom,1,3,2012-07-08,The 112th Congress,8.4,1596,3,3
The Newsroom,1,4,2012-07-15,I'll Try to Fix You,9,2002,4,4
The Newsroom,1,5,2012-07-22,Amen,8.5,1500,5,5
The Newsroom,1,6,2012-07-29,Bullies,8.6,1400,6,6
The Newsroom,1,7,2012-08-05,5/1,8.5,1556,7,7
The Newsroom,1,8,2012-08-12,"The Blackout, Part 1: Tragedy Porn",8,1207,8,8
The Newsroom,1,9,2012-08-19,"The Blackout, Part 2: Mock Debate",8.2,1189,9,9
The Newsroom,1,10,2012-08-26,The Greater Fool,8.9,1417,10,10
The Newsroom,2,1,2013-07-14,"First Thing We Do, Let's Kill All the Lawyers",8.2,1279,11,11
The Newsroom,2,2,2013-07-21,The Genoa Tip,8.2,1049,12,12
The Newsroom,2,3,2013-07-28,Willie Pete,8.1,1000,13,13
The Newsroom,2,4,2013-08-04,Unintended Consequences,8.4,1053,14,14
The Newsroom,2,5,2013-08-11,News Night with Will McAvoy,8.3,999,15,15
The Newsroom,2,6,2013-08-18,One Step Too Many,8.1,968,16,16
The Newsroom,2,7,2013-08-25,Red Team III,9.2,1381,17,17
The Newsroom,2,8,2013-09-08,Election Night: Part I,8.5,980,18,18
The Newsroom,2,9,2013-09-15,Election Night: Part II,9.1,1310,19,19
The Newsroom,3,1,2014-11-09,Boston,8.8,1237,20,20
The Newsroom,3,2,2014-11-16,Run,9.1,1234,21,21
The Newsroom,3,3,2014-11-23,Main Justice,8.7,970,22,22
The Newsroom,3,4,2014-11-30,Contempt,9,1153,23,23
The Newsroom,3,5,2014-12-07,Oh Shenandoah,9.4,1733,24,24
The Newsroom,3,6,2014-12-14,What Kind of Day Has It Been,9.2,1502,25,25
Parks and Recreation,6,10,2014-01-09,Second Chunce,7.7,1274,100,1
Parks and Recreation,6,11,2014-01-16,New Beginnings,7.7,1235,101,2
Parks and Recreation,6,12,2014-01-23,Farmers Market,7.8,1277,102,3
Parks and Recreation,6,13,2014-01-30,Ann and Chris,9,1684,103,4
Parks and Recreation,6,14,2014-02-27,Anniversaries,8,1269,104,5
Parks and Recreation,6,15,2014-03-06,The Wall,7.8,1228,105,6
Parks and Recreation,6,16,2014-03-13,New Slogan,7.6,1222,106,7
Parks and Recreation,6,17,2014-03-20,Galentine's Day,7.8,1213,107,8
Parks and Recreation,6,18,2014-04-03,Prom,7.8,1236,108,9
Parks and Recreation,6,19,2014-04-10,Flu Season 2,8.5,1346,109,10
Parks and Recreation,6,20,2014-04-17,"One in 8,000",8.3,1241,110,11
Parks and Recreation,6,21,2014-04-24,Moving Up: Part 1,9,1635,111,12
Parks and Recreation,6,22,2014-04-24,Moving Up: Part 2,9.4,2103,112,13
Parks and Recreation,7,1,2015-01-13,2017,7.7,1507,113,14
Parks and Recreation,7,2,2015-01-13,Ron & Jammy,8.3,1438,114,15
Parks and Recreation,7,3,2015-01-20,William Henry Harrison,7.5,1326,115,16
Parks and Recreation,7,4,2015-01-20,Leslie and Ron,9.6,3014,116,17
Parks and Recreation,7,5,2015-01-27,Gryzzlbox,8.3,1317,117,18
Parks and Recreation,7,6,2015-01-27,Save JJ's,8.2,1282,118,19
Parks and Recreation,7,7,2015-02-03,Donna and Joe,8.5,1342,119,20
Parks and Recreation,7,8,2015-02-03,Ms. Ludgate-Dwyer Goes to Washington,8.2,1297,120,21
Parks and Recreation,7,9,2015-02-10,Pie-Mary,8.5,1372,121,22
Parks and Recreation,7,10,2015-02-10,The Johnny Karate Super Awesome Musical Explosion Show,8.5,1802,122,23
Parks and Recreation,7,11,2015-02-17,Two Funerals,8.6,1361,123,24
Parks and Recreation,7,12,2015-02-24,One Last Ride,9.6,3741,124,25
Mad Men,6,3,2013-04-14,Collaborators,7.9,1555,68,1
Mad Men,6,4,2013-04-21,To Have and to Hold,8.1,1531,69,2
Mad Men,6,5,2013-04-28,The Flood,8.3,1607,70,3
Mad Men,6,6,2013-05-05,For Immediate Release,8.9,1839,71,4
Mad Men,6,7,2013-05-12,Man with a Plan,8,1514,72,5
Mad Men,6,8,2013-05-19,The Crash,8.7,1946,73,6
Mad Men,6,9,2013-05-26,The Better Half,8.4,1587,74,7
Mad Men,6,10,2013-06-02,A Tale of Two Cities,8.1,1460,75,8
Mad Men,6,11,2013-06-09,Favors,8.7,1643,76,9
Mad Men,6,12,2013-06-16,The Quality of Mercy,8.5,1493,77,10
Mad Men,6,13,2013-06-23,In Care Of,9.2,1952,78,11
Mad Men,7,1,2014-04-13,Time Zones,8,1721,79,12
Mad Men,7,2,2014-04-20,A Day's Work,8.4,1602,80,13
Mad Men,7,3,2014-04-27,Field Trip,8.6,1651,81,14
Mad Men,7,4,2014-05-04,The Monolith,8.5,1544,82,15
Mad Men,7,5,2014-05-11,The Runaways,8.5,1600,83,16
Mad Men,7,6,2014-05-18,The Strategy,9,1822,84,17
Mad Men,7,7,2014-05-25,Waterloo,9.5,2656,85,18
Mad Men,7,8,2015-04-05,Severance,8.2,1707,86,19
Mad Men,7,9,2015-04-12,New Business,7.9,1560,87,20
Mad Men,7,10,2015-04-19,The Forecast,8.4,1583,88,21
Mad Men,7,11,2015-04-26,Time & Life,9,1696,89,22
Mad Men,7,12,2015-05-03,Lost Horizon,9,1821,90,23
Mad Men,7,13,2015-05-10,The Milk and Honey Route,9.2,1991,91,24
Mad Men,7,14,2015-05-17,Person to Person,9.3,3413,92,25
Sons of Anarchy,6,2,2013-09-17,One One Six,7.9,1568,68,1
Sons of Anarchy,6,3,2013-09-24,Poenitentia,8.1,1502,69,2
Sons of Anarchy,6,4,2013-10-01,Wolfsangel,9.2,1917,70,3
Sons of Anarchy,6,5,2013-10-08,The Mad King,8.8,1689,71,4
Sons of Anarchy,6,6,2013-10-15,Salvage,8.6,1597,72,5
Sons of Anarchy,6,7,2013-10-22,Sweet and Vaded,8.2,1568,73,6
Sons of Anarchy,6,8,2013-10-29,Los Fantasmas,8,1421,74,7
Sons of Anarchy,6,9,2013-11-05,John 8:32,8.8,1577,75,8
Sons of Anarchy,6,10,2013-11-12,Huang Wu,8.3,1431,76,9
Sons of Anarchy,6,11,2013-11-19,Aon Rud Persanta,9.4,2220,77,10
Sons of Anarchy,6,12,2013-12-03,You Are My Sunshine,8.9,1637,78,11
Sons of Anarchy,6,13,2013-12-10,A Mother's Work,9.5,3620,79,12
Sons of Anarchy,7,1,2014-09-09,Black Widower,8.3,2222,80,13
Sons of Anarchy,7,2,2014-09-16,Toil and Till,8.2,1732,81,14
Sons of Anarchy,7,3,2014-09-23,Playing with Monsters,8,1667,82,15
Sons of Anarchy,7,4,2014-09-30,Poor Little Lambs,8.7,1861,83,16
Sons of Anarchy,7,5,2014-10-07,Some Strange Eruption,8.7,1666,84,17
Sons of Anarchy,7,6,2014-10-14,Smoke 'em If You Got 'em,8.2,1557,85,18
Sons of Anarchy,7,7,2014-10-21,Greensleeves,8.5,1678,86,19
Sons of Anarchy,7,8,2014-10-28,The Separation of Crows,8.1,1555,87,20
Sons of Anarchy,7,9,2014-11-04,What a Piece of Work Is Man,8.6,1673,88,21
Sons of Anarchy,7,10,2014-11-11,Faith and Despondency,9.2,2429,89,22
Sons of Anarchy,7,11,2014-11-18,Suits of Woe,9.5,2935,90,23
Sons of Anarchy,7,12,2014-12-02,Red Rose,9.4,2991,91,24
Sons of Anarchy,7,13,2014-12-09,Papa's Goods,9.5,5337,92,25
Daredevil,2,2,2016-03-18,Dogs to a Gunfight,8.8,6815,15,1
Daredevil,2,3,2016-03-18,New York's Finest,9.5,8747,16,2
Daredevil,2,4,2016-03-18,Penny and Dime,9.5,8332,17,3
Daredevil,2,5,2016-03-18,Kinbaku,8.4,6223,18,4
Daredevil,2,6,2016-03-18,Regrets Only,8.7,5901,19,5
Daredevil,2,7,2016-03-18,Semper Fidelis,8.7,5804,20,6
Daredevil,2,8,2016-03-18,Guilty as Sin,9.1,6114,21,7
Daredevil,2,9,2016-03-18,Seven Minutes in Heaven,9.5,7310,22,8
Daredevil,2,10,2016-03-18,The Man in the Box,9.1,5943,23,9
Daredevil,2,11,2016-03-18,.380,8.8,5696,24,10
Daredevil,2,12,2016-03-18,The Dark at the End of the Tunnel,9,5883,25,11
Daredevil,2,13,2016-03-18,A Cold Day in Hell's Kitchen,9.3,7394,26,12
Daredevil,3,1,2018-10-19,Resurrection,8.4,5189,27,13
Daredevil,3,2,2018-10-19,Please,8.7,4723,28,14
Daredevil,3,3,2018-10-19,No Good Deed,8.6,4582,29,15
Daredevil,3,4,2018-10-19,Blindsided,9.6,6796,30,16
Daredevil,3,5,2018-10-19,The Perfect Game,9,4615,31,17
Daredevil,3,6,2018-10-19,The Devil You Know,9.6,5890,32,18
Daredevil,3,7,2018-10-19,Aftermath,8.9,4322,33,19
Daredevil,3,8,2018-10-19,Upstairs/Downstairs,9.1,4489,34,20
Daredevil,3,9,2018-10-19,Revelations,9.2,4499,35,21
Daredevil,3,10,2018-10-19,Karen,8.8,4888,36,22
Daredevil,3,11,2018-10-19,Reunion,9.2,4382,37,23
Daredevil,3,12,2018-10-19,One Last Shot,9.4,4541,38,24
Daredevil,3,13,2018-10-19,A New Napkin,9.6,6253,39,25
Dexter,6,12,2011-12-18,This Is the Way the World Ends,9.2,5103,72,1
Dexter,7,1,2012-09-30,Are You...?,9.5,7529,73,2
Dexter,7,2,2012-10-07,Sunshine and Frosty Swirl,8.8,3927,74,3
Dexter,7,3,2012-10-14,Buck the System,8.7,3553,75,4
Dexter,7,4,2012-10-21,Run,8.9,3667,76,5
Dexter,7,5,2012-10-28,Swim Deep,8.6,3284,77,6
Dexter,7,6,2012-11-04,Do the Wrong Thing,8.3,3333,78,7
Dexter,7,7,2012-11-11,Chemistry,8.5,3295,79,8
Dexter,7,8,2012-11-18,Argentina,8.9,3908,80,9
Dexter,7,9,2012-11-25,Helter Skelter,8.6,3266,81,10
Dexter,7,10,2012-12-02,The Dark...Whatever,8.5,3148,82,11
Dexter,7,11,2012-12-09,Do You See What I See?,9,3502,83,12
Dexter,7,12,2012-12-16,"Surprise, Motherf**ker!",9.3,5357,84,13
Dexter,8,1,2013-06-30,A Beautiful Day,8.6,4782,85,14
Dexter,8,2,2013-07-07,Every Silver Lining...,8.1,3461,86,15
Dexter,8,3,2013-07-14,What's Eating Dexter Morgan?,8.1,3326,87,16
Dexter,8,4,2013-07-21,Scar Tissue,8.1,3346,88,17
Dexter,8,5,2013-07-28,This Little Piggy,7.9,3222,89,18
Dexter,8,6,2013-08-04,A Little Reflection,7.8,3241,90,19
Dexter,8,7,2013-08-11,Dress Code,7.6,3343,91,20
Dexter,8,8,2013-08-18,Are We There Yet?,8.1,3607,92,21
Dexter,8,9,2013-08-25,Make Your Own Kind of Music,7.4,3535,93,22
Dexter,8,10,2013-09-08,Goodbye Miami,6.9,3981,94,23
Dexter,8,11,2013-09-15,Monkey in a Box,7.2,4253,95,24
Dexter,8,12,2013-09-22,Remember the Monsters?,4.6,17223,96,25
Friday Night Lights,4,2,2009-11-04,After the Fall,8.3,287,52,1
Friday Night Lights,4,3,2009-11-11,In the Skin of a Lion,8.2,283,53,2
Friday Night Lights,4,4,2009-11-20,A Sort of Homecoming,8.6,300,54,3
Friday Night Lights,4,5,2009-12-02,The Son,9.6,735,55,4
Friday Night Lights,4,6,2009-12-09,Stay,8.5,307,56,5
Friday Night Lights,4,7,2009-12-16,In the Bag,8.2,278,57,6
Friday Night Lights,4,8,2010-01-06,Toilet Bowl,8.3,279,58,7
Friday Night Lights,4,9,2010-01-13,The Lights in Carroll Park,8.2,276,59,8
Friday Night Lights,4,10,2010-01-20,I Can't,8.2,277,60,9
Friday Night Lights,4,11,2010-01-27,Injury List,8.2,277,61,10
Friday Night Lights,4,12,2010-02-03,Laboring,8.8,283,62,11
Friday Night Lights,4,13,2010-02-10,Thanksgiving,9.2,354,63,12
Friday Night Lights,5,1,2010-10-27,Expectations,8.1,280,64,13
Friday Night Lights,5,2,2010-11-03,On the Outside Looking In,8.1,264,65,14
Friday Night Lights,5,3,2010-11-10,The Right Hand of the Father,8.5,283,66,15
Friday Night Lights,5,4,2010-11-17,Keep Looking,8.4,258,67,16
Friday Night Lights,5,5,2010-12-01,Kingdom,8.8,291,68,17
Friday Night Lights,5,6,2010-12-08,Swerve,8.2,262,69,18
Friday Night Lights,5,7,2010-12-15,Perfect Record,8.5,257,70,19
Friday Night Lights,5,8,2011-01-05,Fracture,8.1,273,71,20
Friday Night Lights,5,9,2011-01-12,Gut Check,8.5,261,72,21
Friday Night Lights,5,10,2011-01-19,Don't Go,8.7,273,73,22
Friday Night Lights,5,11,2011-01-26,The March,8.7,273,74,23
Friday Night Lights,5,12,2011-02-02,Texas Whatever,9,317,75,24
Friday Night Lights,5,13,2011-02-09,Always,9.7,864,76,25
The Shield,5,11,2006-03-21,Postpartum,9.1,1183,65,1
The Shield,6,1,NA,Wins and Losses,7.8,546,66,2
The Shield,6,2,2007-04-03,On the Jones,8.4,828,67,3
The Shield,6,3,2007-04-10,Baptism by Fire,8.5,744,68,4
The Shield,6,4,2007-04-17,Back to One,8.4,791,69,5
The Shield,6,5,2007-04-24,The New Guy,8,687,70,6
The Shield,6,6,2007-05-01,Haunts,8,740,71,7
The Shield,6,7,2007-05-08,Chasing Ghosts,8.6,735,72,8
The Shield,6,8,2007-05-15,Exiled,7.9,637,73,9
The Shield,6,9,2007-05-22,The Math of the Wrath,7.9,759,74,10
The Shield,6,10,2007-05-29,Recoil,8,652,75,11
The Shield,6,11,2007-06-05,Spanish Practices,8.7,748,76,12
The Shield,7,1,2008-09-02,Coefficient of Drag,8.6,709,77,13
The Shield,7,2,2008-09-09,Snitch,7.9,632,78,14
The Shield,7,3,2008-09-16,Money Shot,8,620,79,15
The Shield,7,4,2008-09-23,Genocide,8.1,624,80,16
The Shield,7,5,2008-09-30,Game Face,8,624,81,17
The Shield,7,6,2008-10-07,Animal Control,8.8,692,82,18
The Shield,7,7,2008-10-14,Bitches Brew,7.7,632,83,19
The Shield,7,8,2008-10-21,Parricide,8.9,748,84,20
The Shield,7,9,2008-10-28,Moving Day,8.3,643,85,21
The Shield,7,10,2008-11-04,Party Line,8.4,654,86,22
The Shield,7,11,2008-11-11,Petty Cash,8.3,669,87,23
The Shield,7,12,2008-11-18,Possible Kill Screen,9.3,914,88,24
The Shield,7,13,2008-11-25,Family Meeting,9.6,1737,89,25
Oz,4,8,2000-08-30,You Bet Your Life,8.9,792,32,1
Oz,4,9,2001-01-07,Medium Rare,8.4,679,33,2
Oz,4,10,2001-01-14,Conversions,8.5,701,34,3
Oz,4,11,2001-01-21,Revenge Is Sweet,8.8,770,35,4
Oz,4,12,2001-01-28,Cuts Like a Knife,8.7,694,36,5
Oz,4,13,2001-02-04,Blizzard of '01,8.4,643,37,6
Oz,4,14,2001-02-11,Orpheus Descending,8.5,654,38,7
Oz,4,15,2001-02-18,Even the Score,8.3,645,39,8
Oz,4,16,2001-02-25,Famous Last Words,8.8,700,40,9
Oz,5,1,2002-01-06,Visitation,8.4,685,41,10
Oz,5,2,2002-01-13,Laws of Gravity,8.3,621,42,11
Oz,5,3,2002-01-20,Dream a Little Dream of Me,8.4,629,43,12
Oz,5,4,2002-01-27,"Next Stop, Valhalla",8.5,637,44,13
Oz,5,5,2002-02-03,Wheel of Fortune,8.6,633,45,14
Oz,5,6,2002-02-10,Variety,8.8,697,46,15
Oz,5,7,2002-02-17,Good Intentions,8.4,622,47,16
Oz,5,8,2002-02-24,Impotence,8.6,648,48,17
Oz,6,1,2003-01-05,Dead Man Talking,8.2,641,49,18
Oz,6,2,2003-01-12,"See No Evil, Hear No Evil, Smell No Evil",8.5,640,50,19
Oz,6,3,2003-01-19,Sonata da Oz,8.7,662,51,20
Oz,6,4,2003-01-26,A Failure to Communicate,8.3,626,52,21
Oz,6,5,2003-02-02,4giveness,8.4,636,53,22
Oz,6,6,2003-02-09,A Day in the Death...,8.9,775,54,23
Oz,6,7,2003-02-16,Junkyard Dawgs,8.6,633,55,24
Oz,6,8,2003-02-23,Exeunt Omnes,8.8,894,56,25
BoJack Horseman,5,4,2018-09-14,BoJack the Feminist,8.2,2103,53,1
BoJack Horseman,5,5,2018-09-14,The Amelia Earhart Story,8.5,2223,54,2
BoJack Horseman,5,6,2018-09-14,Free Churro,9.8,10078,55,3
BoJack Horseman,5,7,2018-09-14,INT. SUB,8.9,2500,56,4
BoJack Horseman,5,8,2018-09-14,Mr. Peanutbutter's Boos,8.5,2108,57,5
BoJack Horseman,5,9,2018-09-14,Ancient History,8.3,1915,58,6
BoJack Horseman,5,10,2018-09-14,Head in the Clouds,9,2223,59,7
BoJack Horseman,5,11,2018-09-14,The Showstopper,9.6,3543,60,8
BoJack Horseman,5,12,2018-09-14,The Stopped Show,9.1,2325,61,9
BoJack Horseman,6,1,2019-10-25,A Horse Walks into a Rehab,9.1,2278,62,10
BoJack Horseman,6,2,2019-10-25,The New Client,8.6,1990,63,11
BoJack Horseman,6,3,2019-10-25,Feel-Good Story,8.2,1834,64,12
BoJack Horseman,6,4,2019-10-25,Surprise!,9,2121,65,13
BoJack Horseman,6,5,2019-10-25,"A Little Uneven, Is All",8.1,1651,66,14
BoJack Horseman,6,6,2019-10-25,The Kidney Stays in the Picture,8.3,1680,67,15
BoJack Horseman,6,7,2019-10-25,The Face of Depression,9.4,2534,68,16
BoJack Horseman,6,8,2019-10-25,"A Quick One, While He's Away",8.7,1868,69,17
BoJack Horseman,6,9,2020-01-31,Intermediate Scene Study w/ BoJack Horseman,8.3,1693,70,18
BoJack Horseman,6,10,2020-01-31,Good Damage,9,1919,71,19
BoJack Horseman,6,11,2020-01-31,Sunk Cost and All That,8.7,1634,72,20
BoJack Horseman,6,12,2020-01-31,Xerox of a Xerox,9.2,1920,73,21
BoJack Horseman,6,13,2020-01-31,The Horny Unicorn,8.7,1635,74,22
BoJack Horseman,6,14,2020-01-31,Angela,9,1822,75,23
BoJack Horseman,6,15,2020-01-31,The View from Halfway Down,9.9,9223,76,24
BoJack Horseman,6,16,2020-01-31,Nice While It Lasted,9.6,3724,77,25
Six Feet Under,3,13,2003-06-01,"I'm Sorry, I'm Lost",9.2,1271,39,1
Six Feet Under,4,1,2004-06-13,Falling into Place,9,1227,40,2
Six Feet Under,4,2,2004-06-20,In Case of Rapture,8,933,41,3
Six Feet Under,4,3,2004-06-27,Parallel Play,8.2,979,42,4
Six Feet Under,4,4,2004-07-11,Can I Come Up Now?,8,915,43,5
Six Feet Under,4,5,2004-07-18,That's My Dog,9,1615,44,6
Six Feet Under,4,6,2004-07-25,Terror Starts at Home,8.5,996,45,7
Six Feet Under,4,7,2004-08-01,The Dare,8.1,914,46,8
Six Feet Under,4,8,2004-08-08,Coming and Going,8.1,903,47,9
Six Feet Under,4,9,2004-08-15,Grinding the Corn,7.9,911,48,10
Six Feet Under,4,10,2004-08-22,The Black Forest,7.9,893,49,11
Six Feet Under,4,11,2004-08-29,Bomb Shelter,8.2,910,50,12
Six Feet Under,4,12,2004-09-12,Untitled,9.1,1228,51,13
Six Feet Under,5,1,2005-06-06,A Coat of White Primer,8.5,1023,52,14
Six Feet Under,5,2,2005-06-13,Dancing for Me,8.1,968,53,15
Six Feet Under,5,3,2005-06-20,Hold My Hand,8.4,950,54,16
Six Feet Under,5,4,2005-06-27,Time Flies,8.8,1019,55,17
Six Feet Under,5,5,2005-07-04,Eat a Peach,8.3,916,56,18
Six Feet Under,5,6,2005-07-10,The Rainbow of Her Reasons,8.6,1024,57,19
Six Feet Under,5,7,2005-07-17,The Silence,8.2,932,58,20
Six Feet Under,5,8,2005-07-24,Singing for Our Lives,8.8,1048,59,21
Six Feet Under,5,9,2005-07-31,Ecotone,9.5,1599,60,22
Six Feet Under,5,10,2005-08-07,All Alone,9.6,1903,61,23
Six Feet Under,5,11,2005-08-14,Static,9.1,1322,62,24
Six Feet Under,5,12,2005-08-21,Everyone's Waiting,9.9,7414,63,25
Battlestar Galactica,3,17,2007-03-04,Maelstrom,8,1499,50,1
Battlestar Galactica,3,18,2007-03-11,The Son Also Rises,7.7,1315,51,2
Battlestar Galactica,3,19,2007-03-18,Crossroads: Part 1,8.4,1429,52,3
Battlestar Galactica,3,20,2007-03-25,Crossroads: Part 2,9.3,2306,53,4
Battlestar Galactica,4,1,2008-04-04,He That Believeth in Me,8.5,1471,54,5
Battlestar Galactica,4,2,2008-04-11,Six of One,8.1,1233,55,6
Battlestar Galactica,4,3,2008-04-18,The Ties That Bind,8.1,1233,56,7
Battlestar Galactica,4,4,2008-04-25,Escape Velocity,7.6,1181,57,8
Battlestar Galactica,4,5,2008-05-02,The Road Less Traveled,7.6,1143,58,9
Battlestar Galactica,4,6,2008-05-09,Faith,8.1,1208,59,10
Battlestar Galactica,4,7,2008-05-16,Guess What's Coming to Dinner,8.7,1292,60,11
Battlestar Galactica,4,8,2008-05-27,Sine Qua Non,7.8,1155,61,12
Battlestar Galactica,4,9,2008-06-06,The Hub,8.7,1252,62,13
Battlestar Galactica,4,10,2008-06-13,Revelations,9.3,1613,63,14
Battlestar Galactica,4,11,2009-01-16,Sometimes a Great Notion,8.8,1438,64,15
Battlestar Galactica,4,12,2009-01-23,A Disquiet Follows My Soul,7.9,1181,65,16
Battlestar Galactica,4,13,2009-01-30,The Oath,9.1,1518,66,17
Battlestar Galactica,4,14,2009-02-06,Blood on the Scales,9.2,1648,67,18
Battlestar Galactica,4,15,2009-02-13,No Exit,8.5,1277,68,19
Battlestar Galactica,4,16,2009-02-20,Deadlock,7.6,1158,69,20
Battlestar Galactica,4,17,2009-02-27,Someone to Watch Over Me,8.3,1344,70,21
Battlestar Galactica,4,18,2009-03-06,Islanded in a Stream of Stars,7.9,1131,71,22
Battlestar Galactica,4,19,2009-03-13,Daybreak: Part 1,8.5,1454,72,23
Battlestar Galactica,4,20,2009-03-20,Daybreak: Part 2,9,2623,73,24
Battlestar Galactica,4,21,2009-03-25,Daybreak: Part 3,8.8,57,74,25
House M.D.,7,21,2011-05-09,The Fix,7.9,1407,152,1
House M.D.,7,22,2011-05-16,After Hours,9.2,2300,153,2
House M.D.,7,23,2011-05-23,Moving On,8.5,2133,154,3
House M.D.,8,1,2011-10-03,Twenty Vicodin,8.8,2469,155,4
House M.D.,8,2,2011-10-10,Transplant,8.3,1705,156,5
House M.D.,8,3,2011-10-17,Charity Case,8.2,1648,157,6
House M.D.,8,4,2011-10-31,Risky Business,8,1507,158,7
House M.D.,8,5,2011-11-07,The Confession,8.5,1580,159,8
House M.D.,8,6,2011-11-14,Parents,8,1405,160,9
House M.D.,8,7,2011-11-21,Dead & Buried,8.3,1484,161,10
House M.D.,8,8,2011-11-28,Perils of Paranoia,8,1443,162,11
House M.D.,8,9,2012-01-23,Better Half,8.1,1472,163,12
House M.D.,8,10,2012-01-30,Runaways,7.8,1424,164,13
House M.D.,8,11,2012-02-06,Nobody's Fault,9.2,2360,165,14
House M.D.,8,12,2012-02-13,Chase,8.8,2002,166,15
House M.D.,8,13,2012-02-20,Man of the House,8,1407,167,16
House M.D.,8,14,2012-02-27,Love Is Blind,8,1474,168,17
House M.D.,8,15,2012-04-02,Blowing the Whistle,7.5,1414,169,18
House M.D.,8,16,2012-04-09,Gut Check,7.7,1401,170,19
House M.D.,8,17,2012-04-16,We Need the Eggs,8,1418,171,20
House M.D.,8,18,2012-04-23,Body and Soul,8.1,1516,172,21
House M.D.,8,19,2012-04-30,The C Word,9,2203,173,22
House M.D.,8,20,2012-05-07,Post Mortem,8.8,1696,174,23
House M.D.,8,21,2012-05-14,Holding On,9,2049,175,24
House M.D.,8,22,2012-05-21,Everybody Dies,9.3,4746,176,25
The West Wing,6,20,2005-03-23,In God We Trust,8.2,381,131,1
The West Wing,6,21,2005-03-30,Things Fall Apart,8.1,355,132,2
The West Wing,6,22,2005-04-06,2162 Votes,8.9,459,133,3
The West Wing,7,1,2005-09-25,The Ticket,7.9,411,134,4
The West Wing,7,2,2005-10-02,The Mommy Problem,7.8,388,135,5
The West Wing,7,3,2005-10-09,Message of the Week,7.8,360,136,6
The West Wing,7,4,2005-10-16,Mr. Frost,7.9,367,137,7
The West Wing,7,5,2005-10-23,Here Today,8.5,409,138,8
The West Wing,7,6,2005-10-30,The Al Smith Dinner,8,367,139,9
The West Wing,7,7,2005-11-06,The Debate,8.8,597,140,10
The West Wing,7,8,2005-12-04,Undecideds,8,374,141,11
The West Wing,7,9,2005-12-11,The Wedding,7.9,365,142,12
The West Wing,7,10,2006-01-08,Running Mates,8.2,367,143,13
The West Wing,7,11,2006-01-15,Internal Displacement,8,369,144,14
The West Wing,7,12,2006-01-22,Duck and Cover,8.5,373,145,15
The West Wing,7,13,2006-03-12,The Cold,8.2,383,146,16
The West Wing,7,14,2006-03-19,Two Weeks Out,8,350,147,17
The West Wing,7,15,2006-03-26,Welcome to Wherever You Are,7.8,365,148,18
The West Wing,7,16,2006-04-02,Election Day: Part 1,8.6,418,149,19
The West Wing,7,17,2006-04-09,Election Day: Part 2,9.1,486,150,20
The West Wing,7,18,2006-04-16,Requiem,8.9,508,151,21
The West Wing,7,19,2006-04-23,Transition,8.5,381,152,22
The West Wing,7,20,2006-04-30,The Last Hurrah,8.3,383,153,23
The West Wing,7,21,2006-05-07,Institutional Memory,8.6,383,154,24
The West Wing,7,22,2006-05-14,Tomorrow,9,654,155,25
Freaks and Geeks,1,1,1999-09-25,Pilot,8.7,1963,1,1
Freaks and Geeks,1,2,1999-10-02,Beers and Weirs,8.7,1622,2,2
Freaks and Geeks,1,3,1999-10-30,Tricks and Treats,8.4,1484,3,3
Freaks and Geeks,1,4,2000-04-30,Kim Kelly Is My Friend,8.6,1461,4,4
Freaks and Geeks,1,5,1999-11-06,Tests and Breasts,8.8,1423,5,5
Freaks and Geeks,1,6,1999-11-13,I'm with the Band,8.6,1369,6,6
Freaks and Geeks,1,7,2000-01-10,Carded and Discarded,8.7,1372,7,7
Freaks and Geeks,1,8,2000-01-17,Girlfriends and Boyfriends,8.4,1263,8,8
Freaks and Geeks,1,9,2000-01-24,We've Got Spirit,8.5,1276,9,9
Freaks and Geeks,1,10,2000-01-31,The Diary,8.7,1217,10,10
Freaks and Geeks,1,11,2000-02-07,Looks and Books,9,1290,11,11
Freaks and Geeks,1,12,2000-03-13,The Garage Door,8.9,1278,12,12
Freaks and Geeks,1,13,2000-03-20,Chokin' and Tokin',9.1,1391,13,13
Freaks and Geeks,1,14,2000-10-10,Dead Dogs and Gym Teachers,8.9,1265,14,14
Freaks and Geeks,1,15,2000-10-17,Noshing and Moshing,8.8,1255,15,15
Freaks and Geeks,1,16,2000-07-08,Smooching and Mooching,9.3,1366,16,16
Freaks and Geeks,1,17,2000-07-08,The Little Things,9,1253,17,17
Freaks and Geeks,1,18,2000-07-08,Discos and Dragons,9.3,1580,18,18
Seinfeld,8,20,1997-05-01,The Millennium,8.2,1549,148,1
Seinfeld,8,21,1997-05-08,The Muffin Tops,8.5,1723,149,2
Seinfeld,8,22,1997-05-15,The Summer of George,8.6,1728,150,3
Seinfeld,9,1,1997-09-25,The Butter Shave,8.5,1759,151,4
Seinfeld,9,2,1997-10-02,The Voice,8.4,1774,152,5
Seinfeld,9,3,1997-10-09,The Serenity Now,8.9,2351,153,6
Seinfeld,9,4,1997-10-16,The Blood,8.4,1607,154,7
Seinfeld,9,5,1997-10-30,The Junk Mail,8.1,1554,155,8
Seinfeld,9,6,1997-11-06,The Merv Griffin Show,9.2,2624,156,9
Seinfeld,9,7,1997-11-13,The Slicer,8.6,1620,157,10
Seinfeld,9,8,1997-11-20,The Betrayal,8.9,2690,158,11
Seinfeld,9,9,1997-12-11,The Apology,8.3,1581,159,12
Seinfeld,9,10,1997-12-18,The Strike,8.8,2285,160,13
Seinfeld,9,11,1998-01-08,The Dealership,8.6,1728,161,14
Seinfeld,9,12,1998-01-15,The Reverse Peephole,8.3,1604,162,15
Seinfeld,9,13,1998-01-29,The Cartoon,7.9,1580,163,16
Seinfeld,9,14,1998-02-05,The Strongbox,7.9,1560,164,17
Seinfeld,9,15,1998-02-26,The Wizard,8,1488,165,18
Seinfeld,9,16,1998-03-19,The Burning,8.4,1885,166,19
Seinfeld,9,17,1998-04-09,The Bookstore,8.3,1527,167,20
Seinfeld,9,18,1998-04-23,The Frogger,8.9,2178,168,21
Seinfeld,9,19,1998-04-30,The Maid,8.2,1516,169,22
Seinfeld,9,20,1998-05-07,The Puerto Rican Day,8,1639,170,23
Seinfeld,9,21,1998-05-14,The Chronicle,7.7,1454,171,24
Seinfeld,9,22,1998-05-14,The Finale,7.5,2689,172,25
Arrested Development,4,7,2013-05-26,Colony Collapse,8.4,1387,60,1
Arrested Development,4,8,2013-05-26,Red Hairing,7.7,1195,61,2
Arrested Development,4,9,2013-05-26,Smashed,7.8,1174,62,3
Arrested Development,4,10,2013-05-26,Queen B.,7.8,1167,63,4
Arrested Development,4,11,2013-05-26,A New Attitude,8.6,1290,64,5
Arrested Development,4,12,2013-05-26,Se√±oritis,8.3,1155,65,6
Arrested Development,4,13,2013-05-26,It Gets Better,8.3,1165,66,7
Arrested Development,4,14,2013-05-26,Off the Hook,8.2,1171,67,8
Arrested Development,4,15,2013-05-26,Blockheads,8.2,1213,68,9
Arrested Development,5,1,2018-05-29,Family Leave,7.1,904,69,10
Arrested Development,5,2,2018-05-29,Self-Deportation,7.3,785,70,11
Arrested Development,5,3,2018-05-29,Everyone Gets Atrophy,7.6,747,71,12
Arrested Development,5,4,2018-05-29,An Old Start,7.6,715,72,13
Arrested Development,5,5,2018-05-29,Sinking Feelings,7.5,703,73,14
Arrested Development,5,6,2018-05-29,Emotional Baggage,7.8,690,74,15
Arrested Development,5,7,2018-05-29,Rom-Traum,7.7,677,75,16
Arrested Development,5,8,2018-05-29,Premature Independence,7.6,690,76,17
Arrested Development,5,9,2019-03-15,Unexpected Company,7.1,538,77,18
Arrested Development,5,10,2019-03-15,Taste Makers,7.2,496,78,19
Arrested Development,5,11,2019-03-15,Chain Migration,6.9,466,79,20
Arrested Development,5,12,2019-03-15,Check Mates,7.7,480,80,21
Arrested Development,5,13,2019-03-15,The Untethered Sole,7.1,463,81,22
Arrested Development,5,14,2019-03-15,Saving for Arraignment Day,6.8,458,82,23
Arrested Development,5,15,2019-03-15,Courting Disasters,7.4,453,83,24
Arrested Development,5,16,2019-03-15,The Fallout,8,571,84,25
Narcos,1,6,2015-08-28,Explosivos,9.1,5011,6,1
Narcos,1,7,2015-08-28,You Will Cry Tears of Blood,8.6,4340,7,2
Narcos,1,8,2015-08-28,La Gran Mentira,9,4667,8,3
Narcos,1,9,2015-08-28,La Catedral,8.7,4255,9,4
Narcos,1,10,2015-08-28,Despegue,8.9,4641,10,5
Narcos,2,1,2016-09-02,Free at Last,8.5,4012,11,6
Narcos,2,2,2016-09-02,Cambalache,8.6,3792,12,7
Narcos,2,3,2016-09-02,Our Man in Madrid,8.7,3663,13,8
Narcos,2,4,2016-09-02,"The Good, the Bad, and the Dead",9.4,4847,14,9
Narcos,2,5,2016-09-02,The Enemies of My Enemy,8.6,3482,15,10
Narcos,2,6,2016-09-02,Los Pepes,9.2,4132,16,11
Narcos,2,7,2016-09-02,Deutschland 93,8.7,3598,17,12
Narcos,2,8,2016-09-02,Exit El Patr√≥n,8.8,3571,18,13
Narcos,2,9,2016-09-02,Nuestra Finca,8.6,3523,19,14
Narcos,2,10,2016-09-02,Al Fin Cay√≥!,9.5,5814,20,15
Narcos,3,1,2017-09-01,The Kingpin Strategy,8,3589,21,16
Narcos,3,2,2017-09-01,The Cali KGB,8.1,2957,22,17
Narcos,3,3,2017-09-01,Follow the Money,8.1,2892,23,18
Narcos,3,4,2017-09-01,Checkmate,9,3116,24,19
Narcos,3,5,2017-09-01,MRO,8.5,2817,25,20
Narcos,3,6,2017-09-01,Best Laid Plans,8.9,2919,26,21
Narcos,3,7,2017-09-01,Sin Salida,9,2964,27,22
Narcos,3,8,2017-09-01,Convivir,8.8,2850,28,23
Narcos,3,9,2017-09-01,Todos Los Hombres del Presidente,9.4,3519,29,24
Narcos,3,10,2017-09-01,Going Back to Cali,9.2,3353,30,25
The Office,8,23,2012-05-03,Turf War,7.6,1974,164,1
The Office,8,24,2012-05-10,Free Family Portrait Studio,7.7,2066,165,2
The Office,9,1,2012-09-20,New Guys,7.6,2228,166,3
The Office,9,2,2012-09-27,Roy's Wedding,7.1,2121,167,4
The Office,9,3,2012-10-04,Andy's Ancestry,7.3,2091,168,5
The Office,9,4,2012-10-18,Work Bus,7.8,2226,169,6
The Office,9,5,2012-10-25,Here Comes Treble,7,2174,170,7
The Office,9,6,2012-11-08,The Boat,7.7,2110,171,8
The Office,9,7,2012-11-15,The Whale,7.6,2013,172,9
The Office,9,8,2012-11-29,The Target,7.8,2080,173,10
The Office,9,9,2012-12-06,Dwight Christmas,8.4,2390,174,11
The Office,9,10,2013-01-10,Lice,7.6,2095,175,12
The Office,9,11,2013-01-17,Suit Warehouse,7.8,2057,176,13
The Office,9,12,2013-01-24,Customer Loyalty,7.9,2127,177,14
The Office,9,13,2013-01-31,Junior Salesman,7.5,2010,178,15
The Office,9,14,2013-01-31,Vandalism,7.4,2000,179,16
The Office,9,15,2013-02-07,Couples Discount,7.3,2030,180,17
The Office,9,16,2013-02-14,Moving On,8.1,2236,181,18
The Office,9,17,2013-03-14,The Farm,7.5,2341,182,19
The Office,9,18,2013-04-04,Promos,8,2062,183,20
The Office,9,19,2013-04-11,Stairmageddon,8,2132,184,21
The Office,9,20,2013-04-25,Paper Airplane,8,2164,185,22
The Office,9,21,2013-05-02,Livin' the Dream,9,3088,186,23
The Office,9,22,2013-05-09,A.A.R.M.,9.5,4250,187,24
The Office,9,23,2013-05-16,Finale,9.8,11236,188,25
House of Cards,4,10,2016-03-04,Chapter 49,9.3,3917,49,1
House of Cards,4,11,2016-03-04,Chapter 50,8.4,2925,50,2
House of Cards,4,12,2016-03-04,Chapter 51,8.8,3049,51,3
House of Cards,4,13,2016-03-04,Chapter 52,9.5,5704,52,4
House of Cards,5,1,2017-05-30,Chapter 53,8.3,3187,53,5
House of Cards,5,2,2017-05-30,Chapter 54,8.1,2693,54,6
House of Cards,5,3,2017-05-30,Chapter 55,8.1,2590,55,7
House of Cards,5,4,2017-05-30,Chapter 56,8.7,2678,56,8
House of Cards,5,5,2017-05-30,Chapter 57,8,2476,57,9
House of Cards,5,6,2017-05-30,Chapter 58,7.9,2391,58,10
House of Cards,5,7,2017-05-30,Chapter 59,8.4,2407,59,11
House of Cards,5,8,2017-05-30,Chapter 60,8.1,2356,60,12
House of Cards,5,9,2017-05-30,Chapter 61,8,2336,61,13
House of Cards,5,10,2017-05-30,Chapter 62,8.4,2324,62,14
House of Cards,5,11,2017-05-30,Chapter 63,8.4,2327,63,15
House of Cards,5,12,2017-05-30,Chapter 64,9.1,3066,64,16
House of Cards,5,13,2017-05-30,Chapter 65,8.5,3058,65,17
House of Cards,6,1,2018-11-02,Chapter 66,4.2,5501,66,18
House of Cards,6,2,2018-11-02,Chapter 67,4.2,4474,67,19
House of Cards,6,3,2018-11-02,Chapter 68,4.2,4173,68,20
House of Cards,6,4,2018-11-02,Chapter 69,4.3,4019,69,21
House of Cards,6,5,2018-11-02,Chapter 70,4.4,4094,70,22
House of Cards,6,6,2018-11-02,Chapter 71,4.2,3959,71,23
House of Cards,6,7,2018-11-02,Chapter 72,3.9,3977,72,24
House of Cards,6,8,2018-11-02,Chapter 73,2.5,6540,73,25
Gravity Falls,1,16,2013-04-05,Carpet Diem,8.6,1360,16,1
Gravity Falls,1,17,2013-04-19,Boyz Crazy,7.5,1371,17,2
Gravity Falls,1,18,2013-06-28,Land Before Swine,8.5,1358,18,3
Gravity Falls,1,19,2013-07-12,Dreamscaperers,9.3,1552,19,4
Gravity Falls,1,20,2013-08-02,Gideon Rises,9.3,1552,20,5
Gravity Falls,2,1,2014-08-01,Scary-oke,8.9,1474,21,6
Gravity Falls,2,2,2014-08-04,Into the Bunker,9.3,1558,22,7
Gravity Falls,2,3,2014-08-11,The Golf War,8.2,1369,23,8
Gravity Falls,2,4,2014-09-08,Sock Opera,8.7,1417,24,9
Gravity Falls,2,5,2014-09-22,Soos and the Real Girl,8.7,1400,25,10
Gravity Falls,2,6,2014-10-04,Little Gift Shop of Horrors,8,1308,26,11
Gravity Falls,2,7,2014-10-27,Society of the Blind Eye,9.2,1471,27,12
Gravity Falls,2,8,2014-11-10,Blendin's Game,9,1381,28,13
Gravity Falls,2,9,2014-11-26,The Love God,7.8,1291,29,14
Gravity Falls,2,10,2015-02-16,Northwest Mansion Mystery,9.2,1600,30,15
Gravity Falls,2,11,2015-03-09,Not What He Seems,9.8,3436,31,16
Gravity Falls,2,12,2015-07-13,A Tale of Two Stans,9.6,1925,32,17
Gravity Falls,2,13,2015-08-03,"Dungeons, Dungeons, and More Dungeons",8.5,1286,33,18
Gravity Falls,2,14,2015-08-24,The Stanchurian Candidate,8.3,1238,34,19
Gravity Falls,2,15,2015-09-07,The Last Mabelcorn,9,1366,35,20
Gravity Falls,2,16,2015-09-21,Roadside Attraction,8.1,1264,36,21
Gravity Falls,2,17,2015-10-12,Dipper and Mabel vs. the Future,9.4,1477,37,22
Gravity Falls,2,18,2015-10-26,Weirdmageddon: Part 1,9.5,1720,38,23
Gravity Falls,2,19,2015-11-23,Weirdmageddon 2: Escape from Reality,9.3,1481,39,24
Gravity Falls,2,20,2016-02-15,Weirdmageddon 3: Take Back the Falls,9.8,2773,40,25
Friends,9,17,2003-03-13,The One with the Memorial Service,8.5,2910,211,1
Friends,9,18,2003-04-03,The One with the Lottery,8.6,2999,212,2
Friends,9,19,2003-04-17,The One with Rachel's Dream,8.1,2809,213,3
Friends,9,20,2003-04-24,The One with the Soap Opera Party,8.2,2812,214,4
Friends,9,21,2003-05-01,The One with the Fertility Test,8.2,2758,215,5
Friends,9,22,2003-05-08,The One with the Donor,7.8,2835,216,6
Friends,9,23,2003-05-15,The One in Barbados,8.5,2916,217,7
Friends,9,24,2003-05-15,The One in Barbados,8.7,3066,218,8
Friends,10,1,2003-09-25,The One After Joey and Rachel Kiss,8.5,3336,219,9
Friends,10,2,2003-10-02,The One Where Ross Is Fine,8.8,3621,220,10
Friends,10,3,2003-10-09,The One with Ross's Tan,8.8,3510,221,11
Friends,10,4,2003-10-23,The One with the Cake,8.3,3027,222,12
Friends,10,5,2003-10-30,The One Where Rachel's Sister Babysits,8.2,3017,223,13
Friends,10,6,2003-11-06,The One with Ross' Grant,8.2,3062,224,14
Friends,10,7,2003-11-13,The One with the Home Study,8.3,2914,225,15
Friends,10,8,2003-11-20,The One with the Late Thanksgiving,8.9,3547,226,16
Friends,10,9,2004-01-08,The One with the Birth Mother,8.6,3071,227,17
Friends,10,10,2004-01-15,The One Where Chandler Gets Caught,8,2944,228,18
Friends,10,11,2004-02-05,The One Where the Stripper Cries,9,3929,229,19
Friends,10,12,2004-02-12,The One with Phoebe's Wedding,8.9,3398,230,20
Friends,10,13,2004-02-19,The One Where Joey Speaks French,8.5,3266,231,21
Friends,10,14,2004-02-26,The One with Princess Consuela,8.6,3197,232,22
Friends,10,15,2004-04-22,The One Where Estelle Dies,8.5,2969,233,23
Friends,10,16,2004-04-29,The One with Rachel's Going Away Party,8.9,3375,234,24
Friends,10,17,2004-05-06,The Last One,9.7,11505,235,25
Firefly,1,1,2002-09-20,The Train Job,8.5,4251,1,1
Firefly,1,2,2002-09-27,Bushwhacked,8.5,3975,2,2
Firefly,1,3,2002-10-04,Our Mrs. Reynolds,9,4389,3,3
Firefly,1,4,2002-10-18,Jaynestown,8.8,4117,4,4
Firefly,1,5,2002-10-25,Out of Gas,9.4,5019,5,5
Firefly,1,6,2002-11-01,Shindig,8.5,3780,6,6
Firefly,1,7,2002-11-08,Safe,8.3,3648,7,7
Firefly,1,8,2002-11-15,Ariel,9.1,3936,8,8
Firefly,1,9,2002-12-06,War Stories,8.9,3783,9,9
Firefly,1,10,2002-12-13,Objects in Space,9.2,4382,10,10
Firefly,1,11,2003-09-08,Serenity,8.9,4443,11,11
Firefly,1,12,2003-08-04,Heart of Gold,8.5,3531,12,12
Firefly,1,13,2003-07-21,Trash,8.8,3744,13,13
Firefly,1,14,2003-07-28,The Message,8.5,3625,14,14
Avatar: The Last Airbender,2,17,2006-11-03,Lake Laogai,9.1,2361,38,1
Avatar: The Last Airbender,2,18,2006-11-17,The Earth King,8.6,2140,39,2
Avatar: The Last Airbender,2,19,2006-12-01,The Guru,9.1,2356,40,3
Avatar: The Last Airbender,2,20,2006-12-01,The Crossroads of Destiny,9.6,3287,41,4
Avatar: The Last Airbender,3,1,2007-09-21,The Awakening,8.7,2357,42,5
Avatar: The Last Airbender,3,2,2007-09-28,The Headband,8.4,2280,43,6
Avatar: The Last Airbender,3,3,2007-10-05,The Painted Lady,8,2241,44,7
Avatar: The Last Airbender,3,4,2007-10-12,Sokka's Master,8.8,2400,45,8
Avatar: The Last Airbender,3,5,2007-10-19,The Beach,8.5,2458,46,9
Avatar: The Last Airbender,3,6,2007-10-26,The Avatar and the Fire Lord,9.5,2906,47,10
Avatar: The Last Airbender,3,7,2007-11-02,The Runaway,8.2,2125,48,11
Avatar: The Last Airbender,3,8,2007-11-09,The Puppetmaster,9.1,2640,49,12
Avatar: The Last Airbender,3,9,2007-11-16,Nightmares and Daydreams,7.8,2285,50,13
Avatar: The Last Airbender,3,10,2007-11-30,"The Day of Black Sun, Part 1: The Invasion",9.1,2381,51,14
Avatar: The Last Airbender,3,11,2007-11-30,"The Day of Black Sun, Part 2: The Eclipse",9.4,2502,52,15
Avatar: The Last Airbender,3,12,2007-12-14,The Western Air Temple,8.9,2288,53,16
Avatar: The Last Airbender,3,13,2008-01-04,The Firebending Masters,9.2,2521,54,17
Avatar: The Last Airbender,3,14,2008-07-16,The Boiling Rock: Part 1,8.7,2238,55,18
Avatar: The Last Airbender,3,15,2008-07-16,"The Boiling Rock, Part 2",9.3,2408,56,19
Avatar: The Last Airbender,3,16,2008-07-17,The Southern Raiders,8.9,2344,57,20
Avatar: The Last Airbender,3,17,2008-07-18,The Ember Island Players,8.6,2512,58,21
Avatar: The Last Airbender,3,18,2008-07-19,"Sozin's Comet, Part 1: The Phoenix King",9.1,2674,59,22
Avatar: The Last Airbender,3,19,2008-07-19,"Sozin's Comet, Part 2: The Old Masters",9.5,2950,60,23
Avatar: The Last Airbender,3,20,2008-07-19,"Sozin's Comet, Part 3: Into the Inferno",9.8,3859,61,24
Avatar: The Last Airbender,3,21,2008-07-19,"Sozin's Comet, Part 4: Avatar Aang",9.9,5947,62,25
The Sopranos,5,10,2004-05-09,Cold Cuts,8.7,2485,62,1
The Sopranos,5,11,2004-05-16,The Test Dream,8.6,3195,63,2
The Sopranos,5,12,2004-05-23,Long Term Parking,9.6,3892,64,3
The Sopranos,5,13,2004-06-06,All Due Respect,9.2,2799,65,4
The Sopranos,6,1,2006-03-12,Members Only,9.2,2946,66,5
The Sopranos,6,2,2006-03-19,Join the Club,8.7,2795,67,6
The Sopranos,6,3,2006-03-26,Mayham,8.8,2620,68,7
The Sopranos,6,4,2006-04-02,The Fleshy Part of the Thigh,8.5,2463,69,8
The Sopranos,6,5,2006-04-09,Mr. & Mrs. John Sacrimoni Request,8.8,2557,70,9
The Sopranos,6,6,2006-04-16,Live Free or Die,8.6,2404,71,10
The Sopranos,6,7,2006-04-23,Luxury Lounge,8.3,2462,72,11
The Sopranos,6,8,2006-04-30,Johnny Cakes,8.4,2420,73,12
The Sopranos,6,9,2006-05-07,The Ride,8.4,2432,74,13
The Sopranos,6,10,2006-05-14,Moe n' Joe,8.2,2314,75,14
The Sopranos,6,11,2006-05-21,Cold Stones,8.7,2466,76,15
The Sopranos,6,12,2006-06-04,Kaisha,8.3,2468,77,16
The Sopranos,6,13,2007-04-08,Soprano Home Movies,9,2977,78,17
The Sopranos,6,14,2007-04-15,Stage 5,8.8,2665,79,18
The Sopranos,6,15,2007-04-22,Remember When,8.6,2548,80,19
The Sopranos,6,16,2007-04-29,Chasing It,8.1,2466,81,20
The Sopranos,6,17,2007-05-06,Walk Like a Man,8.8,2624,82,21
The Sopranos,6,18,2007-05-13,Kennedy and Heidi,9.1,3237,83,22
The Sopranos,6,19,2007-05-20,The Second Coming,9.3,2985,84,23
The Sopranos,6,20,2007-06-03,The Blue Comet,9.6,3839,85,24
The Sopranos,6,21,2007-06-10,Made in America,9.3,6311,86,25
The Wire,3,11,2004-12-12,Middle Ground,9.6,3947,36,1
The Wire,3,12,2004-12-19,Mission Accomplished,9.3,3143,37,2
The Wire,4,1,2006-09-10,Boys of Summer,8.5,2528,38,3
The Wire,4,2,2006-09-17,Soft Eyes,8.6,2392,39,4
The Wire,4,3,2006-09-24,Home Rooms,8.7,2416,40,5
The Wire,4,4,2006-10-01,Refugees,8.5,2342,41,6
The Wire,4,5,2006-10-08,Alliances,8.6,2357,42,7
The Wire,4,6,2006-10-15,Margin of Error,8.8,2431,43,8
The Wire,4,7,2006-10-29,Unto Others,8.6,2308,44,9
The Wire,4,8,2006-11-05,Corner Boys,8.6,2365,45,10
The Wire,4,9,2006-11-12,Know Your Place,8.6,2300,46,11
The Wire,4,10,2006-11-19,Misgivings,8.9,2460,47,12
The Wire,4,11,2006-11-26,A New Day,9,2534,48,13
The Wire,4,12,2006-12-03,That's Got His Own,9.3,2858,49,14
The Wire,4,13,2006-12-10,Final Grades,9.5,3555,50,15
The Wire,5,1,2008-01-06,More with Less,8.2,2375,51,16
The Wire,5,2,2008-01-13,Unconfirmed Reports,8.3,2265,52,17
The Wire,5,3,2008-01-20,Not for Attribution,8.6,2313,53,18
The Wire,5,4,2008-01-27,Transitions,8.9,2379,54,19
The Wire,5,5,2008-02-03,React Quotes,8.7,2286,55,20
The Wire,5,6,2008-02-10,The Dickensian Aspect,8.5,2225,56,21
The Wire,5,7,2008-02-17,Took,8.6,2265,57,22
The Wire,5,8,2008-02-24,Clarifications,8.9,2474,58,23
The Wire,5,9,2008-03-02,Late Editions,9.3,2790,59,24
The Wire,5,10,2008-03-09,-30-,9.6,3996,60,25
Game of Thrones,5,9,2015-06-07,The Dance of Dragons,9.5,38822,49,1
Game of Thrones,5,10,2015-06-14,Mother's Mercy,9.1,37629,50,2
Game of Thrones,6,1,2016-04-24,The Red Woman,8.5,36450,51,3
Game of Thrones,6,2,2016-05-01,Home,9.4,42834,52,4
Game of Thrones,6,3,2016-05-08,Oathbreaker,8.7,30651,53,5
Game of Thrones,6,4,2016-05-15,Book of the Stranger,9.1,32974,54,6
Game of Thrones,6,5,2016-05-22,The Door,9.7,64504,55,7
Game of Thrones,6,6,2016-05-29,Blood of My Blood,8.4,30458,56,8
Game of Thrones,6,7,2016-06-05,The Broken Man,8.6,29588,57,9
Game of Thrones,6,8,2016-06-12,No One,8.4,33647,58,10
Game of Thrones,6,9,2016-06-19,Battle of the Bastards,9.9,187288,59,11
Game of Thrones,6,10,2016-06-26,The Winds of Winter,9.9,130471,60,12
Game of Thrones,7,1,2017-07-16,Dragonstone,8.6,46930,61,13
Game of Thrones,7,2,2017-07-23,Stormborn,8.9,40542,62,14
Game of Thrones,7,3,2017-07-30,The Queen's Justice,9.2,42276,63,15
Game of Thrones,7,4,2017-08-06,The Spoils of War,9.8,80102,64,16
Game of Thrones,7,5,2017-08-13,Eastwatch,8.8,40321,65,17
Game of Thrones,7,6,2017-08-20,Beyond the Wall,9,58812,66,18
Game of Thrones,7,7,2017-08-27,The Dragon and the Wolf,9.4,58383,67,19
Game of Thrones,8,1,2019-04-14,Winterfell,7.5,123438,68,20
Game of Thrones,8,2,2019-04-21,A Knight of the Seven Kingdoms,7.8,121625,69,21
Game of Thrones,8,3,2019-04-28,The Long Night,7.5,202576,70,22
Game of Thrones,8,4,2019-05-05,The Last of the Starks,5.5,154678,71,23
Game of Thrones,8,5,2019-05-12,The Bells,6,180118,72,24
Game of Thrones,8,6,2019-05-19,The Iron Throne,4.1,224872,73,25
Breaking Bad,4,5,2011-08-14,Shotgun,8.7,12798,38,1
Breaking Bad,4,6,2011-08-21,Cornered,8.5,12966,39,2
Breaking Bad,4,7,2011-08-28,Problem Dog,8.9,13502,40,3
Breaking Bad,4,8,2011-09-04,Hermanos,9.3,15237,41,4
Breaking Bad,4,9,2011-09-11,Bug,8.9,13625,42,5
Breaking Bad,4,10,2011-09-18,Salud,9.6,19235,43,6
Breaking Bad,4,11,2011-09-25,Crawl Space,9.7,22226,44,7
Breaking Bad,4,12,2011-10-02,End Times,9.5,17249,45,8
Breaking Bad,4,13,2011-10-09,Face Off,9.9,41497,46,9
Breaking Bad,5,1,2012-07-15,Live Free or Die,9.3,19246,47,10
Breaking Bad,5,2,2012-07-22,Madrigal,8.9,16193,48,11
Breaking Bad,5,3,2012-07-29,Hazard Pay,8.9,15719,49,12
Breaking Bad,5,4,2012-08-05,Fifty-One,8.9,15831,50,13
Breaking Bad,5,5,2012-08-12,Dead Freight,9.7,23539,51,14
Breaking Bad,5,6,2012-08-19,Buyout,9.1,16201,52,15
Breaking Bad,5,7,2012-08-26,Say My Name,9.6,20814,53,16
Breaking Bad,5,8,2012-09-02,Gliding Over All,9.6,21472,54,17
Breaking Bad,5,9,2013-08-11,Blood Money,9.5,20884,55,18
Breaking Bad,5,10,2013-08-18,Buried,9.2,18127,56,19
Breaking Bad,5,11,2013-08-25,Confessions,9.6,22313,57,20
Breaking Bad,5,12,2013-09-01,Rabid Dog,9.2,18927,58,21
Breaking Bad,5,13,2013-09-08,To'hajiilee,9.8,31888,59,22
Breaking Bad,5,14,2013-09-15,Ozymandias,10,120306,60,23
Breaking Bad,5,15,2013-09-22,Granite State,9.7,32201,61,24
Breaking Bad,5,16,2013-09-29,Felina,9.9,85314,62,25
